Interval,kWh,sec,Wh,cumul(ms),dates,days,heure
38914,0.09,38.914,92.51169245001799,15209330547,2026-04-16 00:00:34.772139,16/04/26,0
38975,0.09,38.975,92.36690186016678,15209369522,2026-04-16 00:01:13.747139,16/04/26,0
39076,0.09,39.076,92.12816050772852,15209408598,2026-04-16 00:01:52.823139,16/04/26,0
39144,0.09,39.144,91.96811771919069,15209447742,2026-04-16 00:02:31.967139,16/04/26,0
39041,0.09,39.041,92.21075279834021,15209486783,2026-04-16 00:03:11.008139,16/04/26,0
39105,0.09,39.105,92.05983889528193,15209525888,2026-04-16 00:03:50.113139,16/04/26,0
39094,0.09,39.094,92.08574205760475,15209564982,2026-04-16 00:04:29.207139,16/04/26,0
39004,0.09,39.004,92.2982258229925,15209603986,2026-04-16 00:05:08.211139,16/04/26,0
39159,0.09,39.159,91.93288899103655,15209643145,2026-04-16 00:05:47.370139,16/04/26,0
40323,0.09,40.323,89.27907149765642,15209683468,2026-04-16 00:06:27.693139,16/04/26,0
40492,0.09,40.492,88.90645065691989,15209723960,2026-04-16 00:07:08.185139,16/04/26,0
40468,0.09,40.468,88.95917762182465,15209764428,2026-04-16 00:07:48.653139,16/04/26,0
40503,0.09,40.503,88.88230501444338,15209804931,2026-04-16 00:08:29.156139,16/04/26,0
40465,0.09,40.465,88.96577289015198,15209845396,2026-04-16 00:09:09.621139,16/04/26,0
40512,0.09,40.512,88.86255924170617,15209885908,2026-04-16 00:09:50.133139,16/04/26,0
40440,0.09,40.44,89.02077151335311,15209926348,2026-04-16 00:10:30.573139,16/04/26,0
40517,0.09,40.517,88.85159315842732,15209966865,2026-04-16 00:11:11.090139,16/04/26,0
41127,0.09,41.127,87.53373696112043,15210007992,2026-04-16 00:11:52.217139,16/04/26,0
41581,0.09,41.581,86.5780043769991,15210049573,2026-04-16 00:12:33.798139,16/04/26,0
41533,0.09,41.533,86.67806322683168,15210091106,2026-04-16 00:13:15.331139,16/04/26,0
41559,0.09,41.559,86.62383599220385,15210132665,2026-04-16 00:13:56.890139,16/04/26,0
41558,0.09,41.558,86.62592040040425,15210174223,2026-04-16 00:14:38.448139,16/04/26,0
41563,0.09,41.563,86.61549936241369,15210215786,2026-04-16 00:15:20.011139,16/04/26,0
41522,0.09,41.522,86.70102596214055,15210257308,2026-04-16 00:16:01.533139,16/04/26,0
41480,0.09,41.48,86.78881388621022,15210298788,2026-04-16 00:16:43.013139,16/04/26,0
41569,0.09,41.569,86.60299742596646,15210340357,2026-04-16 00:17:24.582139,16/04/26,0
41477,0.09,41.477,86.79509125539455,15210381834,2026-04-16 00:18:06.059139,16/04/26,0
41491,0.09,41.491,86.7658046323299,15210423325,2026-04-16 00:18:47.550139,16/04/26,0
41577,0.09,41.577,86.58633379031676,15210464902,2026-04-16 00:19:29.127139,16/04/26,0
41355,0.09,41.355,87.05114254624591,15210506257,2026-04-16 00:20:10.482139,16/04/26,0
41239,0.09,41.239,87.29600620771599,15210547496,2026-04-16 00:20:51.721139,16/04/26,0
41370,0.09,41.37,87.0195794053662,15210588866,2026-04-16 00:21:33.091139,16/04/26,0
41325,0.09,41.325,87.11433756805808,15210630191,2026-04-16 00:22:14.416139,16/04/26,0
41364,0.09,41.364,87.03220191470844,15210671555,2026-04-16 00:22:55.780139,16/04/26,0
41336,0.09,41.336,87.09115540932844,15210712891,2026-04-16 00:23:37.116139,16/04/26,0
41409,0.09,41.409,86.9376222560313,15210754300,2026-04-16 00:24:18.525139,16/04/26,0
41406,0.09,41.406,86.9439211708448,15210795706,2026-04-16 00:24:59.931139,16/04/26,0
41373,0.09,41.373,87.01326952360235,15210837079,2026-04-16 00:25:41.304139,16/04/26,0
41398,0.09,41.398,86.960722740229,15210878477,2026-04-16 00:26:22.702139,16/04/26,0
41303,0.09,41.303,87.1607389293756,15210919780,2026-04-16 00:27:04.005139,16/04/26,0
41435,0.09,41.435,86.88306986846868,15210961215,2026-04-16 00:27:45.440139,16/04/26,0
41354,0.09,41.354,87.0532475697635,15211002569,2026-04-16 00:28:26.794139,16/04/26,0
41317,0.09,41.317,87.13120507297238,15211043886,2026-04-16 00:29:08.111139,16/04/26,0
41411,0.09,41.411,86.93342348651325,15211085297,2026-04-16 00:29:49.522139,16/04/26,0
41368,0.09,41.368,87.02378650164378,15211126665,2026-04-16 00:30:30.890139,16/04/26,0
34901,0.1,34.901,103.14890690811151,15211161566,2026-04-16 00:31:05.791139,16/04/26,0
33294,0.11,33.294,108.12759055685709,15211194860,2026-04-16 00:31:39.085139,16/04/26,0
35975,0.1,35.975,100.06949270326616,15211230835,2026-04-16 00:32:15.060139,16/04/26,0
36673,0.1,36.673,98.1648624328525,15211267508,2026-04-16 00:32:51.733139,16/04/26,0
36580,0.1,36.58,98.41443411700382,15211304088,2026-04-16 00:33:28.313139,16/04/26,0
36509,0.1,36.509,98.60582322167137,15211340597,2026-04-16 00:34:04.822139,16/04/26,0
36753,0.1,36.753,97.95118765815036,15211377350,2026-04-16 00:34:41.575139,16/04/26,0
36531,0.1,36.531,98.54644000985465,15211413881,2026-04-16 00:35:18.106139,16/04/26,0
36715,0.1,36.715,98.05256707067956,15211450596,2026-04-16 00:35:54.821139,16/04/26,0
37190,0.1,37.19,96.80021511158914,15211487786,2026-04-16 00:36:32.011139,16/04/26,0
36669,0.1,36.669,98.17557064550438,15211524455,2026-04-16 00:37:08.680139,16/04/26,0
37112,0.1,37.112,97.00366458288424,15211561567,2026-04-16 00:37:45.792139,16/04/26,0
37104,0.1,37.104,97.02457956015525,15211598671,2026-04-16 00:38:22.896139,16/04/26,0
36276,0.1,36.276,99.23916639100231,15211634947,2026-04-16 00:38:59.172139,16/04/26,0
30477,0.12,30.477,118.12186238803032,15211665424,2026-04-16 00:39:29.649139,16/04/26,0
20587,0.17,20.587,174.86763491523777,15211686011,2026-04-16 00:39:50.236139,16/04/26,0
20797,0.17,20.797,173.10188969562918,15211706808,2026-04-16 00:40:11.033139,16/04/26,0
20837,0.17,20.837,172.7695925517109,15211727645,2026-04-16 00:40:31.870139,16/04/26,0
20787,0.17,20.787,173.18516380430077,15211748432,2026-04-16 00:40:52.657139,16/04/26,0
20856,0.17,20.856,172.61219792865361,15211769288,2026-04-16 00:41:13.513139,16/04/26,0
20986,0.17,20.986,171.54293338416088,15211790274,2026-04-16 00:41:34.499139,16/04/26,0
20903,0.17,20.903,172.22408266755968,15211811177,2026-04-16 00:41:55.402139,16/04/26,0
21186,0.17,21.186,169.92353440951572,15211832363,2026-04-16 00:42:16.588139,16/04/26,0
21390,0.17,21.39,168.30294530154276,15211853753,2026-04-16 00:42:37.978139,16/04/26,0
21478,0.17,21.478,167.61337182232984,15211875231,2026-04-16 00:42:59.456139,16/04/26,0
21715,0.17,21.715,165.78402026249137,15211896946,2026-04-16 00:43:21.171139,16/04/26,0
21689,0.17,21.689,165.98275623587995,15211918635,2026-04-16 00:43:42.860139,16/04/26,0
21809,0.17,21.809,165.06946673391718,15211940444,2026-04-16 00:44:04.669139,16/04/26,0
21911,0.16,21.911,164.3010360093104,15211962355,2026-04-16 00:44:26.580139,16/04/26,0
21839,0.16,21.839,164.84271257841476,15211984194,2026-04-16 00:44:48.419139,16/04/26,0
22074,0.16,22.074,163.08779559662952,15212006268,2026-04-16 00:45:10.493139,16/04/26,0
22096,0.16,22.096,162.92541636495292,15212028364,2026-04-16 00:45:32.589139,16/04/26,0
21957,0.16,21.957,163.95682470282824,15212050321,2026-04-16 00:45:54.546139,16/04/26,0
22207,0.16,22.207,162.1110460665556,15212072528,2026-04-16 00:46:16.753139,16/04/26,0
22099,0.16,22.099,162.90329879180052,15212094627,2026-04-16 00:46:38.852139,16/04/26,0
22825,0.16,22.825,157.72179627601315,15212117452,2026-04-16 00:47:01.677139,16/04/26,0
37292,0.1,37.292,96.53544996245843,15212154744,2026-04-16 00:47:38.969139,16/04/26,0
37102,0.1,37.102,97.02980971376206,15212191846,2026-04-16 00:48:16.071139,16/04/26,0
37040,0.1,37.04,97.19222462203024,15212228886,2026-04-16 00:48:53.111139,16/04/26,0
37741,0.09,37.741,95.38697967727406,15212266627,2026-04-16 00:49:30.852139,16/04/26,0
37639,0.09,37.639,95.64547410930152,15212304266,2026-04-16 00:50:08.491139,16/04/26,0
37782,0.09,37.782,95.28346831824679,15212342048,2026-04-16 00:50:46.273139,16/04/26,0
37856,0.09,37.856,95.09721048182587,15212379904,2026-04-16 00:51:24.129139,16/04/26,0
37805,0.09,37.805,95.225499272583,15212417709,2026-04-16 00:52:01.934139,16/04/26,0
38056,0.09,38.056,94.59743535841918,15212455765,2026-04-16 00:52:39.990139,16/04/26,0
37772,0.09,37.772,95.3086942708885,15212493537,2026-04-16 00:53:17.762139,16/04/26,0
37864,0.09,37.864,95.07711810690894,15212531401,2026-04-16 00:53:55.626139,16/04/26,0
37871,0.09,37.871,95.05954424229621,15212569272,2026-04-16 00:54:33.497139,16/04/26,0
37803,0.09,37.803,95.2305372589477,15212607075,2026-04-16 00:55:11.300139,16/04/26,0
37875,0.09,37.875,95.04950495049505,15212644950,2026-04-16 00:55:49.175139,16/04/26,0
38070,0.09,38.07,94.56264775413712,15212683020,2026-04-16 00:56:27.245139,16/04/26,0
37336,0.1,37.336,96.42168416541675,15212720356,2026-04-16 00:57:04.581139,16/04/26,0
37776,0.09,37.776,95.29860228716646,15212758132,2026-04-16 00:57:42.357139,16/04/26,0
37696,0.09,37.696,95.50084889643463,15212795828,2026-04-16 00:58:20.053139,16/04/26,0
36091,0.1,36.091,99.74785957717991,15212831919,2026-04-16 00:58:56.144139,16/04/26,0
37826,0.09,37.826,95.17263258076456,15212869745,2026-04-16 00:59:33.970139,16/04/26,0
37993,0.09,37.993,94.7542968441555,15212907738,2026-04-16 01:00:11.963139,16/04/26,1
36511,0.1,36.511,98.60042179069322,15212944249,2026-04-16 01:00:48.474139,16/04/26,1
36973,0.1,36.973,97.36834987693723,15212981222,2026-04-16 01:01:25.447139,16/04/26,1
36932,0.1,36.932,97.47644319289505,15213018154,2026-04-16 01:02:02.379139,16/04/26,1
37113,0.1,37.113,97.00105084471748,15213055267,2026-04-16 01:02:39.492139,16/04/26,1
37040,0.1,37.04,97.19222462203024,15213092307,2026-04-16 01:03:16.532139,16/04/26,1
37008,0.1,37.008,97.27626459143968,15213129315,2026-04-16 01:03:53.540139,16/04/26,1
37364,0.1,37.364,96.34942725618242,15213166679,2026-04-16 01:04:30.904139,16/04/26,1
37180,0.1,37.18,96.82625067240451,15213203859,2026-04-16 01:05:08.084139,16/04/26,1
37265,0.1,37.265,96.6053938011539,15213241124,2026-04-16 01:05:45.349139,16/04/26,1
37270,0.1,37.27,96.59243359270191,15213278394,2026-04-16 01:06:22.619139,16/04/26,1
36721,0.1,36.721,98.03654584570137,15213315115,2026-04-16 01:06:59.340139,16/04/26,1
37357,0.1,37.357,96.3674813288005,15213352472,2026-04-16 01:07:36.697139,16/04/26,1
37058,0.1,37.058,97.14501592098873,15213389530,2026-04-16 01:08:13.755139,16/04/26,1
37114,0.1,37.114,96.9984372473999,15213426644,2026-04-16 01:08:50.869139,16/04/26,1
37292,0.1,37.292,96.53544996245843,15213463936,2026-04-16 01:09:28.161139,16/04/26,1
36713,0.1,36.713,98.05790864271512,15213500649,2026-04-16 01:10:04.874139,16/04/26,1
37150,0.1,37.15,96.90444145356662,15213537799,2026-04-16 01:10:42.024139,16/04/26,1
37068,0.1,37.068,97.11880867594691,15213574867,2026-04-16 01:11:19.092139,16/04/26,1
37397,0.1,37.397,96.26440623579431,15213612264,2026-04-16 01:11:56.489139,16/04/26,1
37930,0.09,37.93,94.91167940943843,15213650194,2026-04-16 01:12:34.419139,16/04/26,1
37847,0.09,37.847,95.11982455676804,15213688041,2026-04-16 01:13:12.266139,16/04/26,1
37898,0.09,37.898,94.99182014882052,15213725939,2026-04-16 01:13:50.164139,16/04/26,1
38127,0.09,38.127,94.42127626091747,15213764066,2026-04-16 01:14:28.291139,16/04/26,1
37912,0.09,37.912,94.95674192867693,15213801978,2026-04-16 01:15:06.203139,16/04/26,1
37969,0.09,37.969,94.8141905238484,15213839947,2026-04-16 01:15:44.172139,16/04/26,1
38035,0.09,38.035,94.64966478243723,15213877982,2026-04-16 01:16:22.207139,16/04/26,1
37504,0.09,37.504,95.98976109215018,15213915486,2026-04-16 01:16:59.711139,16/04/26,1
38008,0.09,38.008,94.71690170490423,15213953494,2026-04-16 01:17:37.719139,16/04/26,1
37874,0.09,37.874,95.05201457464223,15213991368,2026-04-16 01:18:15.593139,16/04/26,1
37823,0.09,37.823,95.1801813711234,15214029191,2026-04-16 01:18:53.416139,16/04/26,1
37662,0.09,37.662,95.58706388402103,15214066853,2026-04-16 01:19:31.078139,16/04/26,1
37534,0.09,37.534,95.91303884478073,15214104387,2026-04-16 01:20:08.612139,16/04/26,1
37861,0.09,37.861,95.08465175246296,15214142248,2026-04-16 01:20:46.473139,16/04/26,1
37875,0.09,37.875,95.04950495049505,15214180123,2026-04-16 01:21:24.348139,16/04/26,1
37828,0.09,37.828,95.16760071904409,15214217951,2026-04-16 01:22:02.176139,16/04/26,1
37980,0.09,37.98,94.7867298578199,15214255931,2026-04-16 01:22:40.156139,16/04/26,1
37888,0.09,37.888,95.01689189189189,15214293819,2026-04-16 01:23:18.044139,16/04/26,1
37926,0.09,37.926,94.92168960607499,15214331745,2026-04-16 01:23:55.970139,16/04/26,1
38074,0.09,38.074,94.5527131375742,15214369819,2026-04-16 01:24:34.044139,16/04/26,1
38017,0.09,38.017,94.69447878580635,15214407836,2026-04-16 01:25:12.061139,16/04/26,1
37935,0.09,37.935,94.89916963226572,15214445771,2026-04-16 01:25:49.996139,16/04/26,1
38002,0.09,38.002,94.73185621809378,15214483773,2026-04-16 01:26:27.998139,16/04/26,1
36916,0.1,36.916,97.51869108245747,15214520689,2026-04-16 01:27:04.914139,16/04/26,1
37877,0.09,37.877,95.0444860997439,15214558566,2026-04-16 01:27:42.791139,16/04/26,1
37959,0.09,37.959,94.83916857662214,15214596525,2026-04-16 01:28:20.750139,16/04/26,1
37191,0.1,37.191,96.79761232556264,15214633716,2026-04-16 01:28:57.941139,16/04/26,1
38179,0.09,38.179,94.29267398307971,15214671895,2026-04-16 01:29:36.120139,16/04/26,1
37987,0.09,37.987,94.76926316897887,15214709882,2026-04-16 01:30:14.107139,16/04/26,1
36267,0.1,36.267,99.26379353130946,15214746149,2026-04-16 01:30:50.374139,16/04/26,1
36605,0.1,36.605,98.3472203250922,15214782754,2026-04-16 01:31:26.979139,16/04/26,1
36393,0.1,36.393,98.9201220014838,15214819147,2026-04-16 01:32:03.372139,16/04/26,1
36901,0.1,36.901,97.55833175252704,15214856048,2026-04-16 01:32:40.273139,16/04/26,1
24503,0.15,24.503,146.9207852099743,15214880551,2026-04-16 01:33:04.776139,16/04/26,1
20396,0.18,20.396,176.5051970974701,15214900947,2026-04-16 01:33:25.172139,16/04/26,1
20209,0.18,20.209,178.1384531644317,15214921156,2026-04-16 01:33:45.381139,16/04/26,1
20287,0.18,20.287,177.45354167693597,15214941443,2026-04-16 01:34:05.668139,16/04/26,1
20396,0.18,20.396,176.5051970974701,15214961839,2026-04-16 01:34:26.064139,16/04/26,1
20443,0.18,20.443,176.09939832705572,15214982282,2026-04-16 01:34:46.507139,16/04/26,1
20727,0.17,20.727,173.68649587494573,15215003009,2026-04-16 01:35:07.234139,16/04/26,1
20864,0.17,20.864,172.54601226993864,15215023873,2026-04-16 01:35:28.098139,16/04/26,1
20921,0.17,20.921,172.07590459347068,15215044794,2026-04-16 01:35:49.019139,16/04/26,1
20991,0.17,20.991,171.50207231670717,15215065785,2026-04-16 01:36:10.010139,16/04/26,1
21114,0.17,21.114,170.50298380221653,15215086899,2026-04-16 01:36:31.124139,16/04/26,1
21011,0.17,21.011,171.33882252153634,15215107910,2026-04-16 01:36:52.135139,16/04/26,1
21270,0.17,21.27,169.2524682651622,15215129180,2026-04-16 01:37:13.405139,16/04/26,1
21345,0.17,21.345,168.65776528460998,15215150525,2026-04-16 01:37:34.750139,16/04/26,1
21209,0.17,21.209,169.73926163421189,15215171734,2026-04-16 01:37:55.959139,16/04/26,1
21346,0.17,21.346,168.649864143165,15215193080,2026-04-16 01:38:17.305139,16/04/26,1
21424,0.17,21.424,168.03584764749814,15215214504,2026-04-16 01:38:38.729139,16/04/26,1
21266,0.17,21.266,169.28430358318442,15215235770,2026-04-16 01:38:59.995139,16/04/26,1
21614,0.17,21.614,166.55871194596097,15215257384,2026-04-16 01:39:21.609139,16/04/26,1
21561,0.17,21.561,166.96813691387226,15215278945,2026-04-16 01:39:43.170139,16/04/26,1
21694,0.17,21.694,165.9445007836268,15215300639,2026-04-16 01:40:04.864139,16/04/26,1
21777,0.17,21.777,165.31202644992422,15215322416,2026-04-16 01:40:26.641139,16/04/26,1
34294,0.1,34.294,104.97463113081005,15215356710,2026-04-16 01:41:00.935139,16/04/26,1
35625,0.1,35.625,101.05263157894737,15215392335,2026-04-16 01:41:36.560139,16/04/26,1
35156,0.1,35.156,102.40072818295597,15215427491,2026-04-16 01:42:11.716139,16/04/26,1
35020,0.1,35.02,102.79840091376356,15215462511,2026-04-16 01:42:46.736139,16/04/26,1
35144,0.1,35.144,102.4356931481903,15215497655,2026-04-16 01:43:21.880139,16/04/26,1
35184,0.1,35.184,102.31923601637108,15215532839,2026-04-16 01:43:57.064139,16/04/26,1
35138,0.1,35.138,102.45318458648757,15215567977,2026-04-16 01:44:32.202139,16/04/26,1
32875,0.11,32.875,109.50570342205323,15215600852,2026-04-16 01:45:05.077139,16/04/26,1
34434,0.1,34.434,104.54783063251438,15215635286,2026-04-16 01:45:39.511139,16/04/26,1
35161,0.1,35.161,102.38616649128295,15215670447,2026-04-16 01:46:14.672139,16/04/26,1
34529,0.1,34.529,104.2601870891135,15215704976,2026-04-16 01:46:49.201139,16/04/26,1
34516,0.1,34.516,104.29945532506663,15215739492,2026-04-16 01:47:23.717139,16/04/26,1
34306,0.1,34.306,104.93791173555647,15215773798,2026-04-16 01:47:58.023139,16/04/26,1
33527,0.11,33.527,107.37614459987473,15215807325,2026-04-16 01:48:31.550139,16/04/26,1
34028,0.1,34.028,105.79522745973904,15215841353,2026-04-16 01:49:05.578139,16/04/26,1
33985,0.1,33.985,105.92908636163013,15215875338,2026-04-16 01:49:39.563139,16/04/26,1
34541,0.1,34.541,104.22396572189572,15215909879,2026-04-16 01:50:14.104139,16/04/26,1
34795,0.1,34.795,103.46314125592758,15215944674,2026-04-16 01:50:48.899139,16/04/26,1
35108,0.1,35.108,102.54073145721773,15215979782,2026-04-16 01:51:24.007139,16/04/26,1
34739,0.1,34.739,103.62992601974726,15216014521,2026-04-16 01:51:58.746139,16/04/26,1
35408,0.1,35.408,101.67193854496159,15216049929,2026-04-16 01:52:34.154139,16/04/26,1
35766,0.1,35.766,100.65425264217413,15216085695,2026-04-16 01:53:09.920139,16/04/26,1
35718,0.1,35.718,100.78951789013942,15216121413,2026-04-16 01:53:45.638139,16/04/26,1
36486,0.1,36.486,98.66798223976319,15216157899,2026-04-16 01:54:22.124139,16/04/26,1
38088,0.09,38.088,94.5179584120983,15216195987,2026-04-16 01:55:00.212139,16/04/26,1
38373,0.09,38.373,93.81596434993355,15216234360,2026-04-16 01:55:38.585139,16/04/26,1
38451,0.09,38.451,93.62565342903956,15216272811,2026-04-16 01:56:17.036139,16/04/26,1
38412,0.09,38.412,93.72071227741331,15216311223,2026-04-16 01:56:55.448139,16/04/26,1
38440,0.09,38.44,93.65244536940686,15216349663,2026-04-16 01:57:33.888139,16/04/26,1
36923,0.1,36.923,97.50020312542318,15216386586,2026-04-16 01:58:10.811139,16/04/26,1
36902,0.1,36.902,97.5556880385887,15216423488,2026-04-16 01:58:47.713139,16/04/26,1
36449,0.1,36.449,98.76814178715466,15216459937,2026-04-16 01:59:24.162139,16/04/26,1
36766,0.1,36.766,97.91655333732253,15216496703,2026-04-16 02:00:00.928139,16/04/26,2
35874,0.1,35.874,100.35122930255896,15216532577,2026-04-16 02:00:36.802139,16/04/26,2
36970,0.1,36.97,97.37625101433595,15216569547,2026-04-16 02:01:13.772139,16/04/26,2
37389,0.1,37.389,96.28500361068764,15216606936,2026-04-16 02:01:51.161139,16/04/26,2
37563,0.09,37.563,95.83899049596677,15216644499,2026-04-16 02:02:28.724139,16/04/26,2
37577,0.09,37.577,95.80328392367672,15216682076,2026-04-16 02:03:06.301139,16/04/26,2
37594,0.09,37.594,95.75996169601532,15216719670,2026-04-16 02:03:43.895139,16/04/26,2
37504,0.09,37.504,95.98976109215018,15216757174,2026-04-16 02:04:21.399139,16/04/26,2
37379,0.1,37.379,96.31076272773483,15216794553,2026-04-16 02:04:58.778139,16/04/26,2
37486,0.1,37.486,96.03585338526383,15216832039,2026-04-16 02:05:36.264139,16/04/26,2
37564,0.09,37.564,95.83643914386114,15216869603,2026-04-16 02:06:13.828139,16/04/26,2
37433,0.1,37.433,96.17182699756899,15216907036,2026-04-16 02:06:51.261139,16/04/26,2
37612,0.09,37.612,95.71413378708922,15216944648,2026-04-16 02:07:28.873139,16/04/26,2
37572,0.09,37.572,95.81603321622485,15216982220,2026-04-16 02:08:06.445139,16/04/26,2
37599,0.09,37.599,95.74722731987553,15217019819,2026-04-16 02:08:44.044139,16/04/26,2
37554,0.09,37.554,95.86195877935772,15217057373,2026-04-16 02:09:21.598139,16/04/26,2
37624,0.09,37.624,95.68360620880289,15217094997,2026-04-16 02:09:59.222139,16/04/26,2
37607,0.09,37.607,95.72685936128912,15217132604,2026-04-16 02:10:36.829139,16/04/26,2
37703,0.09,37.703,95.48311805426624,15217170307,2026-04-16 02:11:14.532139,16/04/26,2
37608,0.09,37.608,95.72431397574984,15217207915,2026-04-16 02:11:52.140139,16/04/26,2
37658,0.09,37.658,95.59721705879228,15217245573,2026-04-16 02:12:29.798139,16/04/26,2
37627,0.09,37.627,95.67597735668537,15217283200,2026-04-16 02:13:07.425139,16/04/26,2
37717,0.09,37.717,95.44767611421905,15217320917,2026-04-16 02:13:45.142139,16/04/26,2
37679,0.09,37.679,95.54393694100162,15217358596,2026-04-16 02:14:22.821139,16/04/26,2
37681,0.09,37.681,95.53886574135505,15217396277,2026-04-16 02:15:00.502139,16/04/26,2
37649,0.09,37.649,95.62006959016176,15217433926,2026-04-16 02:15:38.151139,16/04/26,2
37663,0.09,37.663,95.58452592730266,15217471589,2026-04-16 02:16:15.814139,16/04/26,2
37623,0.09,37.623,95.68614942987003,15217509212,2026-04-16 02:16:53.437139,16/04/26,2
37610,0.09,37.61,95.71922361074182,15217546822,2026-04-16 02:17:31.047139,16/04/26,2
38445,0.09,38.445,93.64026531408506,15217585267,2026-04-16 02:18:09.492139,16/04/26,2
38418,0.09,38.418,93.70607527721381,15217623685,2026-04-16 02:18:47.910139,16/04/26,2
38397,0.09,38.397,93.75732479099929,15217662082,2026-04-16 02:19:26.307139,16/04/26,2
38402,0.09,38.402,93.7451174417999,15217700484,2026-04-16 02:20:04.709139,16/04/26,2
38378,0.09,38.378,93.80374172703111,15217738862,2026-04-16 02:20:43.087139,16/04/26,2
38416,0.09,38.416,93.7109537692628,15217777278,2026-04-16 02:21:21.503139,16/04/26,2
38387,0.09,38.387,93.7817490296194,15217815665,2026-04-16 02:21:59.890139,16/04/26,2
38408,0.09,38.408,93.73047281816288,15217854073,2026-04-16 02:22:38.298139,16/04/26,2
38391,0.09,38.391,93.77197780729858,15217892464,2026-04-16 02:23:16.689139,16/04/26,2
38406,0.09,38.406,93.73535385096079,15217930870,2026-04-16 02:23:55.095139,16/04/26,2
38350,0.09,38.35,93.8722294654498,15217969220,2026-04-16 02:24:33.445139,16/04/26,2
38346,0.09,38.346,93.88202159286497,15218007566,2026-04-16 02:25:11.791139,16/04/26,2
38368,0.09,38.368,93.82819015846539,15218045934,2026-04-16 02:25:50.159139,16/04/26,2
35108,0.1,35.108,102.54073145721773,15218081042,2026-04-16 02:26:25.267139,16/04/26,2
19288,0.19,19.288,186.64454583160514,15218100330,2026-04-16 02:26:44.555139,16/04/26,2
21122,0.17,21.122,170.43840545402898,15218121452,2026-04-16 02:27:05.677139,16/04/26,2
21197,0.17,21.197,169.83535405953674,15218142649,2026-04-16 02:27:26.874139,16/04/26,2
21260,0.17,21.26,169.33207902163687,15218163909,2026-04-16 02:27:48.134139,16/04/26,2
21411,0.17,21.411,168.13787305590586,15218185320,2026-04-16 02:28:09.545139,16/04/26,2
21580,0.17,21.58,166.82113067655237,15218206900,2026-04-16 02:28:31.125139,16/04/26,2
21688,0.17,21.688,165.99040944300995,15218228588,2026-04-16 02:28:52.813139,16/04/26,2
21817,0.17,21.817,165.0089379841408,15218250405,2026-04-16 02:29:14.630139,16/04/26,2
21872,0.16,21.872,164.5940014630578,15218272277,2026-04-16 02:29:36.502139,16/04/26,2
21966,0.16,21.966,163.88964763725758,15218294243,2026-04-16 02:29:58.468139,16/04/26,2
22024,0.16,22.024,163.45804576825282,15218316267,2026-04-16 02:30:20.492139,16/04/26,2
22108,0.16,22.108,162.83698208793197,15218338375,2026-04-16 02:30:42.600139,16/04/26,2
22209,0.16,22.209,162.0964473861948,15218360584,2026-04-16 02:31:04.809139,16/04/26,2
22268,0.16,22.268,161.66696604993712,15218382852,2026-04-16 02:31:27.077139,16/04/26,2
22265,0.16,22.265,161.6887491578711,15218405117,2026-04-16 02:31:49.342139,16/04/26,2
22378,0.16,22.378,160.8722852801859,15218427495,2026-04-16 02:32:11.720139,16/04/26,2
22457,0.16,22.457,160.306363272031,15218449952,2026-04-16 02:32:34.177139,16/04/26,2
22469,0.16,22.469,160.22074858694202,15218472421,2026-04-16 02:32:56.646139,16/04/26,2
22589,0.16,22.589,159.36960467484172,15218495010,2026-04-16 02:33:19.235139,16/04/26,2
22611,0.16,22.611,159.214541594799,15218517621,2026-04-16 02:33:41.846139,16/04/26,2
30738,0.12,30.738,117.11887565879367,15218548359,2026-04-16 02:34:12.584139,16/04/26,2
38429,0.09,38.429,93.67925264773999,15218586788,2026-04-16 02:34:51.013139,16/04/26,2
38417,0.09,38.417,93.70851445974438,15218625205,2026-04-16 02:35:29.430139,16/04/26,2
38420,0.09,38.42,93.70119729307652,15218663625,2026-04-16 02:36:07.850139,16/04/26,2
38385,0.09,38.385,93.78663540445487,15218702010,2026-04-16 02:36:46.235139,16/04/26,2
38442,0.09,38.442,93.64757296706728,15218740452,2026-04-16 02:37:24.677139,16/04/26,2
38363,0.09,38.363,93.84041915387222,15218778815,2026-04-16 02:38:03.040139,16/04/26,2
38461,0.09,38.461,93.60131041834586,15218817276,2026-04-16 02:38:41.501139,16/04/26,2
38254,0.09,38.254,94.1078057196633,15218855530,2026-04-16 02:39:19.755139,16/04/26,2
38363,0.09,38.363,93.84041915387222,15218893893,2026-04-16 02:39:58.118139,16/04/26,2
38393,0.09,38.393,93.76709295965411,15218932286,2026-04-16 02:40:36.511139,16/04/26,2
38475,0.09,38.475,93.5672514619883,15218970761,2026-04-16 02:41:14.986139,16/04/26,2
38231,0.09,38.231,94.16442154272711,15219008992,2026-04-16 02:41:53.217139,16/04/26,2
37658,0.09,37.658,95.59721705879228,15219046650,2026-04-16 02:42:30.875139,16/04/26,2
37686,0.09,37.686,95.52619009711829,15219084336,2026-04-16 02:43:08.561139,16/04/26,2
37701,0.09,37.701,95.48818333731201,15219122037,2026-04-16 02:43:46.262139,16/04/26,2
37669,0.09,37.669,95.56930101675117,15219159706,2026-04-16 02:44:23.931139,16/04/26,2
37705,0.09,37.705,95.47805330857976,15219197411,2026-04-16 02:45:01.636139,16/04/26,2
37634,0.09,37.634,95.65818143168411,15219235045,2026-04-16 02:45:39.270139,16/04/26,2
37739,0.09,37.739,95.39203476509711,15219272784,2026-04-16 02:46:17.009139,16/04/26,2
37716,0.09,37.716,95.45020680878142,15219310500,2026-04-16 02:46:54.725139,16/04/26,2
37646,0.09,37.646,95.627689528768,15219348146,2026-04-16 02:47:32.371139,16/04/26,2
37648,0.09,37.648,95.62260943476413,15219385794,2026-04-16 02:48:10.019139,16/04/26,2
37694,0.09,37.694,95.50591606091155,15219423488,2026-04-16 02:48:47.713139,16/04/26,2
37626,0.09,37.626,95.67852017222134,15219461114,2026-04-16 02:49:25.339139,16/04/26,2
38153,0.09,38.153,94.35693130291196,15219499267,2026-04-16 02:50:03.492139,16/04/26,2
38522,0.09,38.522,93.45309173978505,15219537789,2026-04-16 02:50:42.014139,16/04/26,2
38535,0.09,38.535,93.42156481121059,15219576324,2026-04-16 02:51:20.549139,16/04/26,2
38565,0.09,38.565,93.34889148191365,15219614889,2026-04-16 02:51:59.114139,16/04/26,2
38573,0.09,38.573,93.32953101910662,15219653462,2026-04-16 02:52:37.687139,16/04/26,2
38648,0.09,38.648,93.14841647691989,15219692110,2026-04-16 02:53:16.335139,16/04/26,2
38594,0.09,38.594,93.27874799191584,15219730704,2026-04-16 02:53:54.929139,16/04/26,2
38596,0.09,38.596,93.27391439527412,15219769300,2026-04-16 02:54:33.525139,16/04/26,2
37076,0.1,37.076,97.09785305858237,15219806376,2026-04-16 02:55:10.601139,16/04/26,2
37358,0.1,37.358,96.36490176133626,15219843734,2026-04-16 02:55:47.959139,16/04/26,2
37286,0.1,37.286,96.55098428364533,15219881020,2026-04-16 02:56:25.245139,16/04/26,2
37347,0.1,37.347,96.39328460117278,15219918367,2026-04-16 02:57:02.592139,16/04/26,2
37370,0.1,37.37,96.33395772009634,15219955737,2026-04-16 02:57:39.962139,16/04/26,2
37339,0.1,37.339,96.41393717025095,15219993076,2026-04-16 02:58:17.301139,16/04/26,2
37310,0.1,37.31,96.48887697668185,15220030386,2026-04-16 02:58:54.611139,16/04/26,2
37341,0.1,37.341,96.40877319836105,15220067727,2026-04-16 02:59:31.952139,16/04/26,2
37351,0.1,37.351,96.38296163422666,15220105078,2026-04-16 03:00:09.303139,16/04/26,3
35964,0.1,35.964,100.10010010010011,15220141042,2026-04-16 03:00:45.267139,16/04/26,3
36461,0.1,36.461,98.73563533638682,15220177503,2026-04-16 03:01:21.728139,16/04/26,3
36532,0.1,36.532,98.543742472353,15220214035,2026-04-16 03:01:58.260139,16/04/26,3
36518,0.1,36.518,98.58152144148092,15220250553,2026-04-16 03:02:34.778139,16/04/26,3
36506,0.1,36.506,98.61392647783926,15220287059,2026-04-16 03:03:11.284139,16/04/26,3
36528,0.1,36.528,98.5545335085414,15220323587,2026-04-16 03:03:47.812139,16/04/26,3
36485,0.1,36.485,98.67068658352748,15220360072,2026-04-16 03:04:24.297139,16/04/26,3
36365,0.1,36.365,98.99628763921353,15220396437,2026-04-16 03:05:00.662139,16/04/26,3
36429,0.1,36.429,98.82236679568476,15220432866,2026-04-16 03:05:37.091139,16/04/26,3
36510,0.1,36.51,98.60312243221036,15220469376,2026-04-16 03:06:13.601139,16/04/26,3
36455,0.1,36.455,98.75188588670964,15220505831,2026-04-16 03:06:50.056139,16/04/26,3
37353,0.1,37.353,96.37780097984097,15220543184,2026-04-16 03:07:27.409139,16/04/26,3
37612,0.09,37.612,95.71413378708922,15220580796,2026-04-16 03:08:05.021139,16/04/26,3
37639,0.09,37.639,95.64547410930152,15220618435,2026-04-16 03:08:42.660139,16/04/26,3
37724,0.09,37.724,95.42996500901283,15220656159,2026-04-16 03:09:20.384139,16/04/26,3
37720,0.09,37.72,95.44008483563097,15220693879,2026-04-16 03:09:58.104139,16/04/26,3
37719,0.09,37.719,95.44261512765449,15220731598,2026-04-16 03:10:35.823139,16/04/26,3
37738,0.09,37.738,95.39456250993693,15220769336,2026-04-16 03:11:13.561139,16/04/26,3
37701,0.09,37.701,95.48818333731201,15220807037,2026-04-16 03:11:51.262139,16/04/26,3
37715,0.09,37.715,95.45273763754474,15220844752,2026-04-16 03:12:28.977139,16/04/26,3
37697,0.09,37.697,95.49831551582353,15220882449,2026-04-16 03:13:06.674139,16/04/26,3
37726,0.09,37.726,95.42490590044001,15220920175,2026-04-16 03:13:44.400139,16/04/26,3
37645,0.09,37.645,95.630229778191,15220957820,2026-04-16 03:14:22.045139,16/04/26,3
37684,0.09,37.684,95.53125995117291,15220995504,2026-04-16 03:14:59.729139,16/04/26,3
37793,0.09,37.793,95.25573518905617,15221033297,2026-04-16 03:15:37.522139,16/04/26,3
38422,0.09,38.422,93.69631981677163,15221071719,2026-04-16 03:16:15.944139,16/04/26,3
38547,0.09,38.547,93.39248190520664,15221110266,2026-04-16 03:16:54.491139,16/04/26,3
38555,0.09,38.555,93.37310335883802,15221148821,2026-04-16 03:17:33.046139,16/04/26,3
38556,0.09,38.556,93.37068160597572,15221187377,2026-04-16 03:18:11.602139,16/04/26,3
38559,0.09,38.559,93.3634171010659,15221225936,2026-04-16 03:18:50.161139,16/04/26,3
38515,0.09,38.515,93.47007659353498,15221264451,2026-04-16 03:19:28.676139,16/04/26,3
38484,0.09,38.484,93.54536950420955,15221302935,2026-04-16 03:20:07.160139,16/04/26,3
22046,0.16,22.046,163.29492878526716,15221324981,2026-04-16 03:20:29.206139,16/04/26,3
21134,0.17,21.134,170.34162960158986,15221346115,2026-04-16 03:20:50.340139,16/04/26,3
21244,0.17,21.244,169.4596121257767,15221367359,2026-04-16 03:21:11.584139,16/04/26,3
21268,0.17,21.268,169.26838442730863,15221388627,2026-04-16 03:21:32.852139,16/04/26,3
21393,0.17,21.393,168.27934371055952,15221410020,2026-04-16 03:21:54.245139,16/04/26,3
21539,0.17,21.539,167.13867867589025,15221431559,2026-04-16 03:22:15.784139,16/04/26,3
21668,0.17,21.668,166.1436219309581,15221453227,2026-04-16 03:22:37.452139,16/04/26,3
21768,0.17,21.768,165.38037486218303,15221474995,2026-04-16 03:22:59.220139,16/04/26,3
21869,0.16,21.869,164.6165805478074,15221496864,2026-04-16 03:23:21.089139,16/04/26,3
21962,0.16,21.962,163.91949731354157,15221518826,2026-04-16 03:23:43.051139,16/04/26,3
22017,0.16,22.017,163.51001498841805,15221540843,2026-04-16 03:24:05.068139,16/04/26,3
22126,0.16,22.126,162.70451053059747,15221562969,2026-04-16 03:24:27.194139,16/04/26,3
22206,0.16,22.206,162.11834639286678,15221585175,2026-04-16 03:24:49.400139,16/04/26,3
22266,0.16,22.266,161.68148746968473,15221607441,2026-04-16 03:25:11.666139,16/04/26,3
22305,0.16,22.305,161.39878950907868,15221629746,2026-04-16 03:25:33.971139,16/04/26,3
22393,0.16,22.393,160.76452462823204,15221652139,2026-04-16 03:25:56.364139,16/04/26,3
22474,0.16,22.474,160.18510278544096,15221674613,2026-04-16 03:26:18.838139,16/04/26,3
22510,0.16,22.51,159.92892047978677,15221697123,2026-04-16 03:26:41.348139,16/04/26,3
22583,0.16,22.583,159.4119470398087,15221719706,2026-04-16 03:27:03.931139,16/04/26,3
22659,0.16,22.659,158.87726731100224,15221742365,2026-04-16 03:27:26.590139,16/04/26,3
25764,0.14,25.764,139.72985561248254,15221768129,2026-04-16 03:27:52.354139,16/04/26,3
38229,0.09,38.229,94.16934787726595,15221806358,2026-04-16 03:28:30.583139,16/04/26,3
38411,0.09,38.411,93.72315222201973,15221844769,2026-04-16 03:29:08.994139,16/04/26,3
38471,0.09,38.471,93.57698006290452,15221883240,2026-04-16 03:29:47.465139,16/04/26,3
38461,0.09,38.461,93.60131041834586,15221921701,2026-04-16 03:30:25.926139,16/04/26,3
38519,0.09,38.519,93.46037020691088,15221960220,2026-04-16 03:31:04.445139,16/04/26,3
38435,0.09,38.435,93.66462859372967,15221998655,2026-04-16 03:31:42.880139,16/04/26,3
38543,0.09,38.543,93.40217419505487,15222037198,2026-04-16 03:32:21.423139,16/04/26,3
35867,0.1,35.867,100.37081439763571,15222073065,2026-04-16 03:32:57.290139,16/04/26,3
36470,0.1,36.47,98.71126953660543,15222109535,2026-04-16 03:33:33.760139,16/04/26,3
36130,0.1,36.13,99.6401882092444,15222145665,2026-04-16 03:34:09.890139,16/04/26,3
36448,0.1,36.448,98.77085162423178,15222182113,2026-04-16 03:34:46.338139,16/04/26,3
36448,0.1,36.448,98.77085162423178,15222218561,2026-04-16 03:35:22.786139,16/04/26,3
36444,0.1,36.444,98.78169245966414,15222255005,2026-04-16 03:35:59.230139,16/04/26,3
36407,0.1,36.407,98.88208311588431,15222291412,2026-04-16 03:36:35.637139,16/04/26,3
36437,0.1,36.437,98.80066964898317,15222327849,2026-04-16 03:37:12.074139,16/04/26,3
36487,0.1,36.487,98.66527804423494,15222364336,2026-04-16 03:37:48.561139,16/04/26,3
36410,0.1,36.41,98.87393573194177,15222400746,2026-04-16 03:38:24.971139,16/04/26,3
36278,0.1,36.278,99.23369535255527,15222437024,2026-04-16 03:39:01.249139,16/04/26,3
36415,0.1,36.415,98.86035974186461,15222473439,2026-04-16 03:39:37.664139,16/04/26,3
36491,0.1,36.491,98.6544627442383,15222509930,2026-04-16 03:40:14.155139,16/04/26,3
36470,0.1,36.47,98.71126953660543,15222546400,2026-04-16 03:40:50.625139,16/04/26,3
36519,0.1,36.519,98.5788219830773,15222582919,2026-04-16 03:41:27.144139,16/04/26,3
36398,0.1,36.398,98.90653332600692,15222619317,2026-04-16 03:42:03.542139,16/04/26,3
35770,0.1,35.77,100.64299692479732,15222655087,2026-04-16 03:42:39.312139,16/04/26,3
35388,0.1,35.388,101.7293997965412,15222690475,2026-04-16 03:43:14.700139,16/04/26,3
35729,0.1,35.729,100.7584875031487,15222726204,2026-04-16 03:43:50.429139,16/04/26,3
35830,0.1,35.83,100.47446274072007,15222762034,2026-04-16 03:44:26.259139,16/04/26,3
35750,0.1,35.75,100.6993006993007,15222797784,2026-04-16 03:45:02.009139,16/04/26,3
35866,0.1,35.866,100.37361289243294,15222833650,2026-04-16 03:45:37.875139,16/04/26,3
35791,0.1,35.791,100.58394568466933,15222869441,2026-04-16 03:46:13.666139,16/04/26,3
35792,0.1,35.792,100.5811354492624,15222905233,2026-04-16 03:46:49.458139,16/04/26,3
35837,0.1,35.837,100.4548371794514,15222941070,2026-04-16 03:47:25.295139,16/04/26,3
35784,0.1,35.784,100.6036217303823,15222976854,2026-04-16 03:48:01.079139,16/04/26,3
35894,0.1,35.894,100.29531398005237,15223012748,2026-04-16 03:48:36.973139,16/04/26,3
35903,0.1,35.903,100.27017240899089,15223048651,2026-04-16 03:49:12.876139,16/04/26,3
35708,0.1,35.708,100.81774392293043,15223084359,2026-04-16 03:49:48.584139,16/04/26,3
37854,0.09,37.854,95.10223490252021,15223122213,2026-04-16 03:50:26.438139,16/04/26,3
38803,0.09,38.803,92.77633172692833,15223161016,2026-04-16 03:51:05.241139,16/04/26,3
38869,0.09,38.869,92.61879647019475,15223199885,2026-04-16 03:51:44.110139,16/04/26,3
38804,0.09,38.804,92.77394083084218,15223238689,2026-04-16 03:52:22.914139,16/04/26,3
38816,0.09,38.816,92.74525968672712,15223277505,2026-04-16 03:53:01.730139,16/04/26,3
38619,0.09,38.619,93.2183640177115,15223316124,2026-04-16 03:53:40.349139,16/04/26,3
39712,0.09,39.712,90.65269943593876,15223355836,2026-04-16 03:54:20.061139,16/04/26,3
38415,0.09,38.415,93.713393205779,15223394251,2026-04-16 03:54:58.476139,16/04/26,3
38341,0.09,38.341,93.89426462533581,15223432592,2026-04-16 03:55:36.817139,16/04/26,3
38321,0.09,38.321,93.94326870384384,15223470913,2026-04-16 03:56:15.138139,16/04/26,3
38391,0.09,38.391,93.77197780729858,15223509304,2026-04-16 03:56:53.529139,16/04/26,3
38413,0.09,38.413,93.71827245984433,15223547717,2026-04-16 03:57:31.942139,16/04/26,3
38372,0.09,38.372,93.81840925674972,15223586089,2026-04-16 03:58:10.314139,16/04/26,3
38445,0.09,38.445,93.64026531408506,15223624534,2026-04-16 03:58:48.759139,16/04/26,3
38369,0.09,38.369,93.8257447418489,15223662903,2026-04-16 03:59:27.128139,16/04/26,3
38376,0.09,38.376,93.80863039399625,15223701279,2026-04-16 04:00:05.504139,16/04/26,4
37181,0.1,37.181,96.8236464861085,15223738460,2026-04-16 04:00:42.685139,16/04/26,4
37610,0.09,37.61,95.71922361074182,15223776070,2026-04-16 04:01:20.295139,16/04/26,4
37589,0.09,37.589,95.77269945994838,15223813659,2026-04-16 04:01:57.884139,16/04/26,4
37571,0.09,37.571,95.81858348194086,15223851230,2026-04-16 04:02:35.455139,16/04/26,4
37618,0.09,37.618,95.6988675634005,15223888848,2026-04-16 04:03:13.073139,16/04/26,4
38312,0.09,38.312,93.96533723115473,15223927160,2026-04-16 04:03:51.385139,16/04/26,4
38873,0.09,38.873,92.60926607156638,15223966033,2026-04-16 04:04:30.258139,16/04/26,4
38852,0.09,38.852,92.6593225573973,15224004885,2026-04-16 04:05:09.110139,16/04/26,4
38863,0.09,38.863,92.63309574659702,15224043748,2026-04-16 04:05:47.973139,16/04/26,4
38880,0.09,38.88,92.5925925925926,15224082628,2026-04-16 04:06:26.853139,16/04/26,4
39911,0.09,39.911,90.20069654982336,15224122539,2026-04-16 04:07:06.764139,16/04/26,4
39932,0.09,39.932,90.15326054292296,15224162471,2026-04-16 04:07:46.696139,16/04/26,4
40183,0.09,40.183,89.5901251773138,15224202654,2026-04-16 04:08:26.879139,16/04/26,4
40151,0.09,40.151,89.66152773280865,15224242805,2026-04-16 04:09:07.030139,16/04/26,4
40236,0.09,40.236,89.47211452430659,15224283041,2026-04-16 04:09:47.266139,16/04/26,4
40176,0.09,40.176,89.60573476702508,15224323217,2026-04-16 04:10:27.442139,16/04/26,4
40271,0.09,40.271,89.39435325668595,15224363488,2026-04-16 04:11:07.713139,16/04/26,4
40245,0.09,40.245,89.45210585165859,15224403733,2026-04-16 04:11:47.958139,16/04/26,4
40276,0.09,40.276,89.38325553679611,15224444009,2026-04-16 04:12:28.234139,16/04/26,4
40256,0.09,40.256,89.42766295707472,15224484265,2026-04-16 04:13:08.490139,16/04/26,4
25162,0.14,25.162,143.07288768778315,15224509427,2026-04-16 04:13:33.652139,16/04/26,4
21660,0.17,21.66,166.2049861495845,15224531087,2026-04-16 04:13:55.312139,16/04/26,4
21744,0.17,21.744,165.56291390728478,15224552831,2026-04-16 04:14:17.056139,16/04/26,4
21751,0.17,21.751,165.50963174106937,15224574582,2026-04-16 04:14:38.807139,16/04/26,4
21935,0.16,21.935,164.1212673808981,15224596517,2026-04-16 04:15:00.742139,16/04/26,4
22084,0.16,22.084,163.01394674877739,15224618601,2026-04-16 04:15:22.826139,16/04/26,4
22234,0.16,22.234,161.91418548169472,15224640835,2026-04-16 04:15:45.060139,16/04/26,4
22323,0.16,22.323,161.26864668727322,15224663158,2026-04-16 04:16:07.383139,16/04/26,4
22436,0.16,22.436,160.45640934212872,15224685594,2026-04-16 04:16:29.819139,16/04/26,4
22506,0.16,22.506,159.95734470807784,15224708100,2026-04-16 04:16:52.325139,16/04/26,4
22615,0.16,22.615,159.18638072076055,15224730715,2026-04-16 04:17:14.940139,16/04/26,4
22746,0.16,22.746,158.26958586125033,15224753461,2026-04-16 04:17:37.686139,16/04/26,4
23066,0.16,23.066,156.0738749674846,15224776527,2026-04-16 04:18:00.752139,16/04/26,4
23171,0.16,23.171,155.36662207069182,15224799698,2026-04-16 04:18:23.923139,16/04/26,4
23132,0.16,23.132,155.62856648798203,15224822830,2026-04-16 04:18:47.055139,16/04/26,4
23322,0.15,23.322,154.36068947774635,15224846152,2026-04-16 04:19:10.377139,16/04/26,4
23356,0.15,23.356,154.13598218873094,15224869508,2026-04-16 04:19:33.733139,16/04/26,4
23431,0.15,23.431,153.64261021723357,15224892939,2026-04-16 04:19:57.164139,16/04/26,4
23480,0.15,23.48,153.32197614991483,15224916419,2026-04-16 04:20:20.644139,16/04/26,4
23521,0.15,23.521,153.05471706134944,15224939940,2026-04-16 04:20:44.165139,16/04/26,4
35773,0.1,35.773,100.63455678863947,15224975713,2026-04-16 04:21:19.938139,16/04/26,4
41162,0.09,41.162,87.45930712793353,15225016875,2026-04-16 04:22:01.100139,16/04/26,4
41150,0.09,41.15,87.48481166464155,15225058025,2026-04-16 04:22:42.250139,16/04/26,4
41159,0.09,41.159,87.46568186787823,15225099184,2026-04-16 04:23:23.409139,16/04/26,4
41097,0.09,41.097,87.59763486385867,15225140281,2026-04-16 04:24:04.506139,16/04/26,4
41202,0.09,41.202,87.3743993010048,15225181483,2026-04-16 04:24:45.708139,16/04/26,4
41201,0.09,41.201,87.37651998737894,15225222684,2026-04-16 04:25:26.909139,16/04/26,4
41223,0.09,41.223,87.32988865439197,15225263907,2026-04-16 04:26:08.132139,16/04/26,4
41182,0.09,41.182,87.41683259676557,15225305089,2026-04-16 04:26:49.314139,16/04/26,4
41200,0.09,41.2,87.37864077669903,15225346289,2026-04-16 04:27:30.514139,16/04/26,4
41171,0.09,41.171,87.44018848218406,15225387460,2026-04-16 04:28:11.685139,16/04/26,4
41159,0.09,41.159,87.46568186787823,15225428619,2026-04-16 04:28:52.844139,16/04/26,4
41153,0.09,41.153,87.47843413602897,15225469772,2026-04-16 04:29:33.997139,16/04/26,4
41163,0.09,41.163,87.45718242110634,15225510935,2026-04-16 04:30:15.160139,16/04/26,4
41265,0.09,41.265,87.24100327153762,15225552200,2026-04-16 04:30:56.425139,16/04/26,4
41258,0.09,41.258,87.25580493480052,15225593458,2026-04-16 04:31:37.683139,16/04/26,4
41150,0.09,41.15,87.48481166464155,15225634608,2026-04-16 04:32:18.833139,16/04/26,4
41162,0.09,41.162,87.45930712793353,15225675770,2026-04-16 04:32:59.995139,16/04/26,4
41197,0.09,41.197,87.38500376240988,15225716967,2026-04-16 04:33:41.192139,16/04/26,4
41197,0.09,41.197,87.38500376240988,15225758164,2026-04-16 04:34:22.389139,16/04/26,4
41196,0.09,41.196,87.3871249635887,15225799360,2026-04-16 04:35:03.585139,16/04/26,4
41164,0.09,41.164,87.45505781751045,15225840524,2026-04-16 04:35:44.749139,16/04/26,4
41177,0.09,41.177,87.42744736139107,15225881701,2026-04-16 04:36:25.926139,16/04/26,4
41190,0.09,41.19,87.39985433357612,15225922891,2026-04-16 04:37:07.116139,16/04/26,4
41208,0.09,41.208,87.361677344205,15225964099,2026-04-16 04:37:48.324139,16/04/26,4
41164,0.09,41.164,87.45505781751045,15226005263,2026-04-16 04:38:29.488139,16/04/26,4
41112,0.09,41.112,87.56567425569177,15226046375,2026-04-16 04:39:10.600139,16/04/26,4
41256,0.09,41.256,87.26003490401396,15226087631,2026-04-16 04:39:51.856139,16/04/26,4
41195,0.09,41.195,87.38924626775093,15226128826,2026-04-16 04:40:33.051139,16/04/26,4
41247,0.09,41.247,87.27907484180668,15226170073,2026-04-16 04:41:14.298139,16/04/26,4
41198,0.09,41.198,87.382882664207,15226211271,2026-04-16 04:41:55.496139,16/04/26,4
40979,0.09,40.979,87.84987432587423,15226252250,2026-04-16 04:42:36.475139,16/04/26,4
40318,0.09,40.318,89.29014336028573,15226292568,2026-04-16 04:43:16.793139,16/04/26,4
40372,0.09,40.372,89.17071237491331,15226332940,2026-04-16 04:43:57.165139,16/04/26,4
40410,0.09,40.41,89.08685968819599,15226373350,2026-04-16 04:44:37.575139,16/04/26,4
40330,0.09,40.33,89.26357550210761,15226413680,2026-04-16 04:45:17.905139,16/04/26,4
40340,0.09,40.34,89.24144769459593,15226454020,2026-04-16 04:45:58.245139,16/04/26,4
40352,0.09,40.352,89.21490880253766,15226494372,2026-04-16 04:46:38.597139,16/04/26,4
40298,0.09,40.298,89.334458285771,15226534670,2026-04-16 04:47:18.895139,16/04/26,4
40387,0.09,40.387,89.13759378017679,15226575057,2026-04-16 04:47:59.282139,16/04/26,4
40368,0.09,40.368,89.179548156956,15226615425,2026-04-16 04:48:39.650139,16/04/26,4
40320,0.09,40.32,89.28571428571429,15226655745,2026-04-16 04:49:19.970139,16/04/26,4
40400,0.09,40.4,89.10891089108911,15226696145,2026-04-16 04:50:00.370139,16/04/26,4
40724,0.09,40.724,88.39996071112857,15226736869,2026-04-16 04:50:41.094139,16/04/26,4
41237,0.09,41.237,87.30024007566021,15226778106,2026-04-16 04:51:22.331139,16/04/26,4
41241,0.09,41.241,87.29177275041827,15226819347,2026-04-16 04:52:03.572139,16/04/26,4
41287,0.09,41.287,87.19451643374428,15226860634,2026-04-16 04:52:44.859139,16/04/26,4
41246,0.09,41.246,87.28119090336033,15226901880,2026-04-16 04:53:26.105139,16/04/26,4
41271,0.09,41.271,87.22832012793486,15226943151,2026-04-16 04:54:07.376139,16/04/26,4
41247,0.09,41.247,87.27907484180668,15226984398,2026-04-16 04:54:48.623139,16/04/26,4
41254,0.09,41.254,87.26426528336646,15227025652,2026-04-16 04:55:29.877139,16/04/26,4
41262,0.09,41.262,87.24734622655228,15227066914,2026-04-16 04:56:11.139139,16/04/26,4
41255,0.09,41.255,87.2621500424191,15227108169,2026-04-16 04:56:52.394139,16/04/26,4
41274,0.09,41.274,87.22197993894461,15227149443,2026-04-16 04:57:33.668139,16/04/26,4
41203,0.09,41.203,87.3722787175691,15227190646,2026-04-16 04:58:14.871139,16/04/26,4
41224,0.09,41.224,87.32777023093344,15227231870,2026-04-16 04:58:56.095139,16/04/26,4
41261,0.09,41.261,87.24946074986065,15227273131,2026-04-16 04:59:37.356139,16/04/26,4
40771,0.09,40.771,88.29805499006648,15227313902,2026-04-16 05:00:18.127139,16/04/26,5
39719,0.09,39.719,90.63672297892697,15227353621,2026-04-16 05:00:57.846139,16/04/26,5
40268,0.09,40.268,89.40101321148306,15227393889,2026-04-16 05:01:38.114139,16/04/26,5
40328,0.09,40.328,89.26800238048007,15227434217,2026-04-16 05:02:18.442139,16/04/26,5
40330,0.09,40.33,89.26357550210761,15227474547,2026-04-16 05:02:58.772139,16/04/26,5
40322,0.09,40.322,89.28128565051337,15227514869,2026-04-16 05:03:39.094139,16/04/26,5
40365,0.09,40.365,89.18617614269789,15227555234,2026-04-16 05:04:19.459139,16/04/26,5
40352,0.09,40.352,89.21490880253766,15227595586,2026-04-16 05:04:59.811139,16/04/26,5
40292,0.09,40.292,89.34776134220192,15227635878,2026-04-16 05:05:40.103139,16/04/26,5
40265,0.09,40.265,89.40767415869863,15227676143,2026-04-16 05:06:20.368139,16/04/26,5
28363,0.13,28.363,126.92592462010366,15227704506,2026-04-16 05:06:48.731139,16/04/26,5
21778,0.17,21.778,165.30443566902377,15227726284,2026-04-16 05:07:10.509139,16/04/26,5
21767,0.17,21.767,165.3879726191023,15227748051,2026-04-16 05:07:32.276139,16/04/26,5
21758,0.17,21.758,165.45638385881054,15227769809,2026-04-16 05:07:54.034139,16/04/26,5
21898,0.16,21.898,164.39857521234816,15227791707,2026-04-16 05:08:15.932139,16/04/26,5
22088,0.16,22.088,162.98442593263312,15227813795,2026-04-16 05:08:38.020139,16/04/26,5
22262,0.16,22.262,161.71053813673524,15227836057,2026-04-16 05:09:00.282139,16/04/26,5
22339,0.16,22.339,161.1531402479968,15227858396,2026-04-16 05:09:22.621139,16/04/26,5
22451,0.16,22.451,160.3492049351922,15227880847,2026-04-16 05:09:45.072139,16/04/26,5
22532,0.16,22.532,159.77276761938577,15227903379,2026-04-16 05:10:07.604139,16/04/26,5
22670,0.16,22.67,158.8001764446405,15227926049,2026-04-16 05:10:30.274139,16/04/26,5
22717,0.16,22.717,158.47162917638772,15227948766,2026-04-16 05:10:52.991139,16/04/26,5
22871,0.16,22.871,157.40457347732936,15227971637,2026-04-16 05:11:15.862139,16/04/26,5
22934,0.16,22.934,156.9721810412488,15227994571,2026-04-16 05:11:38.796139,16/04/26,5
23336,0.15,23.336,154.26808364758313,15228017907,2026-04-16 05:12:02.132139,16/04/26,5
23381,0.15,23.381,153.97117317480004,15228041288,2026-04-16 05:12:25.513139,16/04/26,5
23480,0.15,23.48,153.32197614991483,15228064768,2026-04-16 05:12:48.993139,16/04/26,5
23489,0.15,23.489,153.26322959683256,15228088257,2026-04-16 05:13:12.482139,16/04/26,5
23559,0.15,23.559,152.80784413599898,15228111816,2026-04-16 05:13:36.041139,16/04/26,5
23614,0.15,23.614,152.45193529262303,15228135430,2026-04-16 05:13:59.655139,16/04/26,5
34116,0.1,34.116,105.52233556102708,15228169546,2026-04-16 05:14:33.771139,16/04/26,5
41338,0.09,41.338,87.0869417968939,15228210884,2026-04-16 05:15:15.109139,16/04/26,5
41332,0.09,41.332,87.09958385754379,15228252216,2026-04-16 05:15:56.441139,16/04/26,5
41315,0.09,41.315,87.13542296986567,15228293531,2026-04-16 05:16:37.756139,16/04/26,5
41371,0.09,41.371,87.01747600976529,15228334902,2026-04-16 05:17:19.127139,16/04/26,5
41344,0.09,41.344,87.07430340557275,15228376246,2026-04-16 05:18:00.471139,16/04/26,5
41371,0.09,41.371,87.01747600976529,15228417617,2026-04-16 05:18:41.842139,16/04/26,5
41336,0.09,41.336,87.09115540932844,15228458953,2026-04-16 05:19:23.178139,16/04/26,5
41277,0.09,41.277,87.21564067156044,15228500230,2026-04-16 05:20:04.455139,16/04/26,5
41314,0.09,41.314,87.13753207145278,15228541544,2026-04-16 05:20:45.769139,16/04/26,5
41220,0.09,41.22,87.33624454148472,15228582764,2026-04-16 05:21:26.989139,16/04/26,5
41263,0.09,41.263,87.24523180573395,15228624027,2026-04-16 05:22:08.252139,16/04/26,5
41325,0.09,41.325,87.11433756805808,15228665352,2026-04-16 05:22:49.577139,16/04/26,5
41346,0.09,41.346,87.070091423596,15228706698,2026-04-16 05:23:30.923139,16/04/26,5
41325,0.09,41.325,87.11433756805808,15228748023,2026-04-16 05:24:12.248139,16/04/26,5
41279,0.09,41.279,87.21141500520847,15228789302,2026-04-16 05:24:53.527139,16/04/26,5
41268,0.09,41.268,87.23466123873219,15228830570,2026-04-16 05:25:34.795139,16/04/26,5
41292,0.09,41.292,87.18395815170008,15228871862,2026-04-16 05:26:16.087139,16/04/26,5
41234,0.09,41.234,87.30659164766939,15228913096,2026-04-16 05:26:57.321139,16/04/26,5
41267,0.09,41.267,87.23677514721206,15228954363,2026-04-16 05:27:38.588139,16/04/26,5
41245,0.09,41.245,87.28330706752334,15228995608,2026-04-16 05:28:19.833139,16/04/26,5
41271,0.09,41.271,87.22832012793486,15229036879,2026-04-16 05:29:01.104139,16/04/26,5
41281,0.09,41.281,87.20718974831036,15229078160,2026-04-16 05:29:42.385139,16/04/26,5
41233,0.09,41.233,87.3087090437271,15229119393,2026-04-16 05:30:23.618139,16/04/26,5
41315,0.09,41.315,87.13542296986567,15229160708,2026-04-16 05:31:04.933139,16/04/26,5
41264,0.09,41.264,87.24311748739822,15229201972,2026-04-16 05:31:46.197139,16/04/26,5
41247,0.09,41.247,87.27907484180668,15229243219,2026-04-16 05:32:27.444139,16/04/26,5
41276,0.09,41.276,87.21775365830023,15229284495,2026-04-16 05:33:08.720139,16/04/26,5
41297,0.09,41.297,87.17340242632636,15229325792,2026-04-16 05:33:50.017139,16/04/26,5
41342,0.09,41.342,87.07851579507522,15229367134,2026-04-16 05:34:31.359139,16/04/26,5
41262,0.09,41.262,87.24734622655228,15229408396,2026-04-16 05:35:12.621139,16/04/26,5
41342,0.09,41.342,87.07851579507522,15229449738,2026-04-16 05:35:53.963139,16/04/26,5
41365,0.09,41.365,87.03009790886014,15229491103,2026-04-16 05:36:35.328139,16/04/26,5
41324,0.09,41.324,87.11644564901752,15229532427,2026-04-16 05:37:16.652139,16/04/26,5
41394,0.09,41.394,86.9691259602841,15229573821,2026-04-16 05:37:58.046139,16/04/26,5
41391,0.09,41.391,86.97542944118287,15229615212,2026-04-16 05:38:39.437139,16/04/26,5
41322,0.09,41.322,87.12066211703208,15229656534,2026-04-16 05:39:20.759139,16/04/26,5
41265,0.09,41.265,87.24100327153762,15229697799,2026-04-16 05:40:02.024139,16/04/26,5
41388,0.09,41.388,86.98173383589446,15229739187,2026-04-16 05:40:43.412139,16/04/26,5
41388,0.09,41.388,86.98173383589446,15229780575,2026-04-16 05:41:24.800139,16/04/26,5
41370,0.09,41.37,87.0195794053662,15229821945,2026-04-16 05:42:06.170139,16/04/26,5
41317,0.09,41.317,87.13120507297238,15229863262,2026-04-16 05:42:47.487139,16/04/26,5
40518,0.09,40.518,88.8494002665482,15229903780,2026-04-16 05:43:28.005139,16/04/26,5
40548,0.09,40.548,88.78366380585972,15229944328,2026-04-16 05:44:08.553139,16/04/26,5
40559,0.09,40.559,88.75958480238664,15229984887,2026-04-16 05:44:49.112139,16/04/26,5
40461,0.09,40.461,88.97456810261734,15230025348,2026-04-16 05:45:29.573139,16/04/26,5
40509,0.09,40.509,88.86914019106865,15230065857,2026-04-16 05:46:10.082139,16/04/26,5
40592,0.09,40.592,88.6874260938116,15230106449,2026-04-16 05:46:50.674139,16/04/26,5
40495,0.09,40.495,88.89986418076306,15230146944,2026-04-16 05:47:31.169139,16/04/26,5
40577,0.09,40.577,88.72021095694605,15230187521,2026-04-16 05:48:11.746139,16/04/26,5
40480,0.09,40.48,88.93280632411067,15230228001,2026-04-16 05:48:52.226139,16/04/26,5
40418,0.09,40.418,89.06922658221585,15230268419,2026-04-16 05:49:32.644139,16/04/26,5
40422,0.09,40.422,89.0604126465786,15230308841,2026-04-16 05:50:13.066139,16/04/26,5
40611,0.09,40.611,88.64593336780675,15230349452,2026-04-16 05:50:53.677139,16/04/26,5
41439,0.09,41.439,86.87468326938391,15230390891,2026-04-16 05:51:35.116139,16/04/26,5
41346,0.09,41.346,87.070091423596,15230432237,2026-04-16 05:52:16.462139,16/04/26,5
41357,0.09,41.357,87.04693280460381,15230473594,2026-04-16 05:52:57.819139,16/04/26,5
41381,0.09,41.381,86.99644764505449,15230514975,2026-04-16 05:53:39.200139,16/04/26,5
41397,0.09,41.397,86.9628233929995,15230556372,2026-04-16 05:54:20.597139,16/04/26,5
41221,0.09,41.221,87.33412580966012,15230597593,2026-04-16 05:55:01.818139,16/04/26,5
41356,0.09,41.356,87.04903762452848,15230638949,2026-04-16 05:55:43.174139,16/04/26,5
41365,0.09,41.365,87.03009790886014,15230680314,2026-04-16 05:56:24.539139,16/04/26,5
41399,0.09,41.399,86.95862218894176,15230721713,2026-04-16 05:57:05.938139,16/04/26,5
41412,0.09,41.412,86.93132425383946,15230763125,2026-04-16 05:57:47.350139,16/04/26,5
41365,0.09,41.365,87.03009790886014,15230804490,2026-04-16 05:58:28.715139,16/04/26,5
41333,0.09,41.333,87.09747659255316,15230845823,2026-04-16 05:59:10.048139,16/04/26,5
41406,0.09,41.406,86.9439211708448,15230887229,2026-04-16 05:59:51.454139,16/04/26,5
38185,0.09,38.185,94.2778577975645,15230925414,2026-04-16 06:00:29.639139,16/04/26,6
19317,0.19,19.317,186.36434228917534,15230944731,2026-04-16 06:00:48.956139,16/04/26,6
21707,0.17,21.707,165.84511908600913,15230966438,2026-04-16 06:01:10.663139,16/04/26,6
21831,0.16,21.831,164.9031194173423,15230988269,2026-04-16 06:01:32.494139,16/04/26,6
21888,0.16,21.888,164.47368421052633,15231010157,2026-04-16 06:01:54.382139,16/04/26,6
22057,0.16,22.057,163.21349231536473,15231032214,2026-04-16 06:02:16.439139,16/04/26,6
22238,0.16,22.238,161.88506160625957,15231054452,2026-04-16 06:02:38.677139,16/04/26,6
22413,0.16,22.413,160.62106813010305,15231076865,2026-04-16 06:03:01.090139,16/04/26,6
22494,0.16,22.494,160.04267804747934,15231099359,2026-04-16 06:03:23.584139,16/04/26,6
22611,0.16,22.611,159.214541594799,15231121970,2026-04-16 06:03:46.195139,16/04/26,6
22688,0.16,22.688,158.67418899858956,15231144658,2026-04-16 06:04:08.883139,16/04/26,6
22814,0.16,22.814,157.79784342947312,15231167472,2026-04-16 06:04:31.697139,16/04/26,6
22918,0.16,22.918,157.0817697879396,15231190390,2026-04-16 06:04:54.615139,16/04/26,6
22981,0.16,22.981,156.6511465993647,15231213371,2026-04-16 06:05:17.596139,16/04/26,6
22965,0.16,22.965,156.7602873938602,15231236336,2026-04-16 06:05:40.561139,16/04/26,6
23089,0.16,23.089,155.91840270258564,15231259425,2026-04-16 06:06:03.650139,16/04/26,6
23161,0.16,23.161,155.43370320797894,15231282586,2026-04-16 06:06:26.811139,16/04/26,6
23245,0.15,23.245,154.87201548720154,15231305831,2026-04-16 06:06:50.056139,16/04/26,6
23294,0.15,23.294,154.54623508199538,15231329125,2026-04-16 06:07:13.350139,16/04/26,6
23366,0.15,23.366,154.07001626294615,15231352491,2026-04-16 06:07:36.716139,16/04/26,6
26111,0.14,26.111,137.87292711883882,15231378602,2026-04-16 06:08:02.827139,16/04/26,6
40412,0.09,40.412,89.08245075720083,15231419014,2026-04-16 06:08:43.239139,16/04/26,6
40502,0.09,40.502,88.88449953088737,15231459516,2026-04-16 06:09:23.741139,16/04/26,6
40537,0.09,40.537,88.80775587734662,15231500053,2026-04-16 06:10:04.278139,16/04/26,6
40562,0.09,40.562,88.75302006804398,15231540615,2026-04-16 06:10:44.840139,16/04/26,6
40571,0.09,40.571,88.73333169012349,15231581186,2026-04-16 06:11:25.411139,16/04/26,6
41234,0.09,41.234,87.30659164766939,15231622420,2026-04-16 06:12:06.645139,16/04/26,6
41485,0.09,41.485,86.77835362179101,15231663905,2026-04-16 06:12:48.130139,16/04/26,6
41550,0.09,41.55,86.64259927797833,15231705455,2026-04-16 06:13:29.680139,16/04/26,6
41543,0.09,41.543,86.65719856534193,15231746998,2026-04-16 06:14:11.223139,16/04/26,6
41545,0.09,41.545,86.65302683836804,15231788543,2026-04-16 06:14:52.768139,16/04/26,6
41530,0.09,41.53,86.68432458463761,15231830073,2026-04-16 06:15:34.298139,16/04/26,6
41446,0.09,41.446,86.86001061622352,15231871519,2026-04-16 06:16:15.744139,16/04/26,6
41506,0.09,41.506,86.73444803160989,15231913025,2026-04-16 06:16:57.250139,16/04/26,6
41577,0.09,41.577,86.58633379031676,15231954602,2026-04-16 06:17:38.827139,16/04/26,6
41478,0.09,41.478,86.79299869810502,15231996080,2026-04-16 06:18:20.305139,16/04/26,6
41532,0.09,41.532,86.68015024559377,15232037612,2026-04-16 06:19:01.837139,16/04/26,6
41576,0.09,41.576,86.5884163940735,15232079188,2026-04-16 06:19:43.413139,16/04/26,6
41578,0.09,41.578,86.58425128673818,15232120766,2026-04-16 06:20:24.991139,16/04/26,6
41683,0.09,41.683,86.36614447136722,15232162449,2026-04-16 06:21:06.674139,16/04/26,6
41633,0.09,41.633,86.46986765306367,15232204082,2026-04-16 06:21:48.307139,16/04/26,6
41636,0.09,41.636,86.46363723700644,15232245718,2026-04-16 06:22:29.943139,16/04/26,6
41584,0.09,41.584,86.57175836860331,15232287302,2026-04-16 06:23:11.527139,16/04/26,6
41571,0.09,41.571,86.59883091578264,15232328873,2026-04-16 06:23:53.098139,16/04/26,6
41545,0.09,41.545,86.65302683836804,15232370418,2026-04-16 06:24:34.643139,16/04/26,6
41481,0.09,41.481,86.78672163159037,15232411899,2026-04-16 06:25:16.124139,16/04/26,6
41632,0.09,41.632,86.47194465795542,15232453531,2026-04-16 06:25:57.756139,16/04/26,6
41620,0.09,41.62,86.49687650168188,15232495151,2026-04-16 06:26:39.376139,16/04/26,6
41664,0.09,41.664,86.40552995391705,15232536815,2026-04-16 06:27:21.040139,16/04/26,6
41629,0.09,41.629,86.4781762713493,15232578444,2026-04-16 06:28:02.669139,16/04/26,6
41584,0.09,41.584,86.57175836860331,15232620028,2026-04-16 06:28:44.253139,16/04/26,6
41676,0.09,41.676,86.38065073423553,15232661704,2026-04-16 06:29:25.929139,16/04/26,6
41567,0.09,41.567,86.60716433709433,15232703271,2026-04-16 06:30:07.496139,16/04/26,6
41553,0.09,41.553,86.63634394628546,15232744824,2026-04-16 06:30:49.049139,16/04/26,6
41572,0.09,41.572,86.59674781102665,15232786396,2026-04-16 06:31:30.621139,16/04/26,6
41671,0.09,41.671,86.39101533440522,15232828067,2026-04-16 06:32:12.292139,16/04/26,6
41670,0.09,41.67,86.39308855291577,15232869737,2026-04-16 06:32:53.962139,16/04/26,6
41640,0.09,41.64,86.45533141210375,15232911377,2026-04-16 06:33:35.602139,16/04/26,6
41635,0.09,41.635,86.46571394259637,15232953012,2026-04-16 06:34:17.237139,16/04/26,6
41613,0.09,41.613,86.51142671761228,15232994625,2026-04-16 06:34:58.850139,16/04/26,6
41680,0.09,41.68,86.37236084452975,15233036305,2026-04-16 06:35:40.530139,16/04/26,6
41680,0.09,41.68,86.37236084452975,15233077985,2026-04-16 06:36:22.210139,16/04/26,6
41632,0.09,41.632,86.47194465795542,15233119617,2026-04-16 06:37:03.842139,16/04/26,6
41643,0.09,41.643,86.44910309055544,15233161260,2026-04-16 06:37:45.485139,16/04/26,6
41637,0.09,41.637,86.46156063116939,15233202897,2026-04-16 06:38:27.122139,16/04/26,6
41658,0.09,41.658,86.41797493878727,15233244555,2026-04-16 06:39:08.780139,16/04/26,6
40830,0.09,40.83,88.1704628949302,15233285385,2026-04-16 06:39:49.610139,16/04/26,6
41464,0.09,41.464,86.82230368512444,15233326849,2026-04-16 06:40:31.074139,16/04/26,6
41695,0.09,41.695,86.34128792421154,15233368544,2026-04-16 06:41:12.769139,16/04/26,6
41694,0.09,41.694,86.34335875665563,15233410238,2026-04-16 06:41:54.463139,16/04/26,6
41698,0.09,41.698,86.33507602283083,15233451936,2026-04-16 06:42:36.161139,16/04/26,6
41324,0.09,41.324,87.11644564901752,15233493260,2026-04-16 06:43:17.485139,16/04/26,6
40812,0.09,40.812,88.20935019112027,15233534072,2026-04-16 06:43:58.297139,16/04/26,6
40936,0.09,40.936,87.94215360562829,15233575008,2026-04-16 06:44:39.233139,16/04/26,6
40843,0.09,40.843,88.14239894229121,15233615851,2026-04-16 06:45:20.076139,16/04/26,6
40763,0.09,40.763,88.31538404926036,15233656614,2026-04-16 06:46:00.839139,16/04/26,6
40997,0.09,40.997,87.81130326609264,15233697611,2026-04-16 06:46:41.836139,16/04/26,6
41175,0.09,41.175,87.43169398907104,15233738786,2026-04-16 06:47:23.011139,16/04/26,6
41110,0.09,41.11,87.56993432254926,15233779896,2026-04-16 06:48:04.121139,16/04/26,6
41126,0.09,41.126,87.53586538929144,15233821022,2026-04-16 06:48:45.247139,16/04/26,6
41188,0.09,41.188,87.40409828105274,15233862210,2026-04-16 06:49:26.435139,16/04/26,6
41066,0.09,41.066,87.66376077533727,15233903276,2026-04-16 06:50:07.501139,16/04/26,6
41182,0.09,41.182,87.41683259676557,15233944458,2026-04-16 06:50:48.683139,16/04/26,6
41732,0.09,41.732,86.26473689255248,15233986190,2026-04-16 06:51:30.415139,16/04/26,6
42053,0.09,42.053,85.60625876869665,15234028243,2026-04-16 06:52:12.468139,16/04/26,6
42026,0.09,42.026,85.66125731689907,15234070269,2026-04-16 06:52:54.494139,16/04/26,6
41996,0.09,41.996,85.72244975711972,15234112265,2026-04-16 06:53:36.490139,16/04/26,6
42066,0.09,42.066,85.57980316645272,15234154331,2026-04-16 06:54:18.556139,16/04/26,6
25421,0.14,25.421,141.61520003147004,15234179752,2026-04-16 06:54:43.977139,16/04/26,6
22346,0.16,22.346,161.1026581938602,15234202098,2026-04-16 06:55:06.323139,16/04/26,6
22390,0.16,22.39,160.78606520768201,15234224488,2026-04-16 06:55:28.713139,16/04/26,6
22375,0.16,22.375,160.89385474860336,15234246863,2026-04-16 06:55:51.088139,16/04/26,6
22554,0.16,22.554,159.6169193934557,15234269417,2026-04-16 06:56:13.642139,16/04/26,6
22733,0.16,22.733,158.36009325649937,15234292150,2026-04-16 06:56:36.375139,16/04/26,6
22951,0.16,22.951,156.85591041784673,15234315101,2026-04-16 06:56:59.326139,16/04/26,6
23097,0.16,23.097,155.86439797376283,15234338198,2026-04-16 06:57:22.423139,16/04/26,6
23098,0.16,23.098,155.85765001298813,15234361296,2026-04-16 06:57:45.521139,16/04/26,6
23051,0.16,23.051,156.1754370743135,15234384347,2026-04-16 06:58:08.572139,16/04/26,6
23114,0.16,23.114,155.74976204897465,15234407461,2026-04-16 06:58:31.686139,16/04/26,6
23189,0.16,23.189,155.24602182069086,15234430650,2026-04-16 06:58:54.875139,16/04/26,6
23340,0.15,23.34,154.24164524421593,15234453990,2026-04-16 06:59:18.215139,16/04/26,6
23369,0.15,23.369,154.05023749411615,15234477359,2026-04-16 06:59:41.584139,16/04/26,6
23418,0.15,23.418,153.72790161414298,15234500777,2026-04-16 07:00:05.002139,16/04/26,7
23054,0.16,23.054,156.1551140799861,15234523831,2026-04-16 07:00:28.056139,16/04/26,7
23198,0.16,23.198,155.18579187861022,15234547029,2026-04-16 07:00:51.254139,16/04/26,7
23280,0.15,23.28,154.63917525773195,15234570309,2026-04-16 07:01:14.534139,16/04/26,7
23418,0.15,23.418,153.72790161414298,15234593727,2026-04-16 07:01:37.952139,16/04/26,7
23475,0.15,23.475,153.3546325878594,15234617202,2026-04-16 07:02:01.427139,16/04/26,7
40521,0.09,40.521,88.84282224031983,15234657723,2026-04-16 07:02:41.948139,16/04/26,7
40860,0.09,40.86,88.10572687224669,15234698583,2026-04-16 07:03:22.808139,16/04/26,7
40826,0.09,40.826,88.17910155293195,15234739409,2026-04-16 07:04:03.634139,16/04/26,7
40845,0.09,40.845,88.13808299669482,15234780254,2026-04-16 07:04:44.479139,16/04/26,7
40972,0.09,40.972,87.86488333496047,15234821226,2026-04-16 07:05:25.451139,16/04/26,7
40936,0.09,40.936,87.94215360562829,15234862162,2026-04-16 07:06:06.387139,16/04/26,7
40917,0.09,40.917,87.98298995527531,15234903079,2026-04-16 07:06:47.304139,16/04/26,7
40888,0.09,40.888,88.04539229113676,15234943967,2026-04-16 07:07:28.192139,16/04/26,7
40911,0.09,40.911,87.99589352496884,15234984878,2026-04-16 07:08:09.103139,16/04/26,7
40897,0.09,40.897,88.02601657823313,15235025775,2026-04-16 07:08:50.000139,16/04/26,7
40908,0.09,40.908,88.00234672924611,15235066683,2026-04-16 07:09:30.908139,16/04/26,7
41029,0.09,41.029,87.74281605693534,15235107712,2026-04-16 07:10:11.937139,16/04/26,7
41121,0.09,41.121,87.54650908295032,15235148833,2026-04-16 07:10:53.058139,16/04/26,7
41204,0.09,41.204,87.37015823706436,15235190037,2026-04-16 07:11:34.262139,16/04/26,7
41904,0.09,41.904,85.91065292096219,15235231941,2026-04-16 07:12:16.166139,16/04/26,7
42001,0.09,42.001,85.71224494654889,15235273942,2026-04-16 07:12:58.167139,16/04/26,7
41822,0.09,41.822,86.07909712591459,15235315764,2026-04-16 07:13:39.989139,16/04/26,7
41920,0.09,41.92,85.87786259541984,15235357684,2026-04-16 07:14:21.909139,16/04/26,7
42016,0.09,42.016,85.68164508758568,15235399700,2026-04-16 07:15:03.925139,16/04/26,7
42035,0.09,42.035,85.64291661710479,15235441735,2026-04-16 07:15:45.960139,16/04/26,7
41878,0.09,41.878,85.96399063947658,15235483613,2026-04-16 07:16:27.838139,16/04/26,7
41830,0.09,41.83,86.06263447286636,15235525443,2026-04-16 07:17:09.668139,16/04/26,7
41892,0.09,41.892,85.93526210254942,15235567335,2026-04-16 07:17:51.560139,16/04/26,7
41765,0.09,41.765,86.19657608045014,15235609100,2026-04-16 07:18:33.325139,16/04/26,7
41966,0.09,41.966,85.78372968593624,15235651066,2026-04-16 07:19:15.291139,16/04/26,7
41917,0.09,41.917,85.88400887468092,15235692983,2026-04-16 07:19:57.208139,16/04/26,7
41957,0.09,41.957,85.8021307529137,15235734940,2026-04-16 07:20:39.165139,16/04/26,7
42025,0.09,42.025,85.66329565734682,15235776965,2026-04-16 07:21:21.190139,16/04/26,7
41962,0.09,41.962,85.79190696344311,15235818927,2026-04-16 07:22:03.152139,16/04/26,7
41969,0.09,41.969,85.77759775072077,15235860896,2026-04-16 07:22:45.121139,16/04/26,7
41967,0.09,41.967,85.78168561012224,15235902863,2026-04-16 07:23:27.088139,16/04/26,7
42050,0.09,42.05,85.61236623067776,15235944913,2026-04-16 07:24:09.138139,16/04/26,7
41982,0.09,41.982,85.75103615835359,15235986895,2026-04-16 07:24:51.120139,16/04/26,7
42070,0.09,42.07,85.57166627050154,15236028965,2026-04-16 07:25:33.190139,16/04/26,7
42037,0.09,42.037,85.638841972548,15236071002,2026-04-16 07:26:15.227139,16/04/26,7
42147,0.09,42.147,85.41533205210335,15236113149,2026-04-16 07:26:57.374139,16/04/26,7
42092,0.09,42.092,85.52694098641072,15236155241,2026-04-16 07:27:39.466139,16/04/26,7
42124,0.09,42.124,85.46196942360649,15236197365,2026-04-16 07:28:21.590139,16/04/26,7
42142,0.09,42.142,85.42546628067012,15236239507,2026-04-16 07:29:03.732139,16/04/26,7
42231,0.09,42.231,85.24543581729061,15236281738,2026-04-16 07:29:45.963139,16/04/26,7
42031,0.09,42.031,85.65106706954391,15236323769,2026-04-16 07:30:27.994139,16/04/26,7
42174,0.09,42.174,85.36064874093043,15236365943,2026-04-16 07:31:10.168139,16/04/26,7
42096,0.09,42.096,85.5188141391106,15236408039,2026-04-16 07:31:52.264139,16/04/26,7
42186,0.09,42.186,85.33636751528944,15236450225,2026-04-16 07:32:34.450139,16/04/26,7
42118,0.09,42.118,85.4741440714184,15236492343,2026-04-16 07:33:16.568139,16/04/26,7
42230,0.09,42.23,85.24745441629173,15236534573,2026-04-16 07:33:58.798139,16/04/26,7
42198,0.09,42.198,85.31210009953078,15236576771,2026-04-16 07:34:40.996139,16/04/26,7
42246,0.09,42.246,85.2151682999574,15236619017,2026-04-16 07:35:23.242139,16/04/26,7
42123,0.09,42.123,85.46399829072003,15236661140,2026-04-16 07:36:05.365139,16/04/26,7
42155,0.09,42.155,85.39912228679871,15236703295,2026-04-16 07:36:47.520139,16/04/26,7
42131,0.09,42.131,85.4477700505566,15236745426,2026-04-16 07:37:29.651139,16/04/26,7
42164,0.09,42.164,85.38089365335357,15236787590,2026-04-16 07:38:11.815139,16/04/26,7
42113,0.09,42.113,85.48429226129699,15236829703,2026-04-16 07:38:53.928139,16/04/26,7
42075,0.09,42.075,85.56149732620321,15236871778,2026-04-16 07:39:36.003139,16/04/26,7
42191,0.09,42.191,85.32625441444858,15236913969,2026-04-16 07:40:18.194139,16/04/26,7
42233,0.09,42.233,85.24139890606871,15236956202,2026-04-16 07:41:00.427139,16/04/26,7
42228,0.09,42.228,85.25149190110827,15236998430,2026-04-16 07:41:42.655139,16/04/26,7
42154,0.09,42.154,85.40114817099207,15237040584,2026-04-16 07:42:24.809139,16/04/26,7
42147,0.09,42.147,85.41533205210335,15237082731,2026-04-16 07:43:06.956139,16/04/26,7
41673,0.09,41.673,86.38686919588223,15237124404,2026-04-16 07:43:48.629139,16/04/26,7
41293,0.09,41.293,87.18184680212143,15237165697,2026-04-16 07:44:29.922139,16/04/26,7
41276,0.09,41.276,87.21775365830023,15237206973,2026-04-16 07:45:11.198139,16/04/26,7
41324,0.09,41.324,87.11644564901752,15237248297,2026-04-16 07:45:52.522139,16/04/26,7
41397,0.09,41.397,86.9628233929995,15237289694,2026-04-16 07:46:33.919139,16/04/26,7
41417,0.09,41.417,86.92082961102929,15237331111,2026-04-16 07:47:15.336139,16/04/26,7
41390,0.09,41.39,86.97753080454216,15237372501,2026-04-16 07:47:56.726139,16/04/26,7
41294,0.09,41.294,87.17973555480215,15237413795,2026-04-16 07:48:38.020139,16/04/26,7
28637,0.12,28.637,125.71149212557181,15237442432,2026-04-16 07:49:06.657139,16/04/26,7
22078,0.16,22.078,163.05824802971284,15237464510,2026-04-16 07:49:28.735139,16/04/26,7
22073,0.16,22.073,163.09518416164545,15237486583,2026-04-16 07:49:50.808139,16/04/26,7
22124,0.16,22.124,162.71921894774906,15237508707,2026-04-16 07:50:12.932139,16/04/26,7
22234,0.16,22.234,161.91418548169472,15237530941,2026-04-16 07:50:35.166139,16/04/26,7
22437,0.16,22.437,160.4492579221821,15237553378,2026-04-16 07:50:57.603139,16/04/26,7
22529,0.16,22.529,159.79404323316615,15237575907,2026-04-16 07:51:20.132139,16/04/26,7
22916,0.16,22.916,157.09547914121137,15237598823,2026-04-16 07:51:43.048139,16/04/26,7
23047,0.16,23.047,156.20254263027726,15237621870,2026-04-16 07:52:06.095139,16/04/26,7
23155,0.16,23.155,155.4739797020082,15237645025,2026-04-16 07:52:29.250139,16/04/26,7
23179,0.16,23.179,155.3129988351525,15237668204,2026-04-16 07:52:52.429139,16/04/26,7
23285,0.15,23.285,154.60596950826712,15237691489,2026-04-16 07:53:15.714139,16/04/26,7
23346,0.15,23.346,154.20200462606013,15237714835,2026-04-16 07:53:39.060139,16/04/26,7
23477,0.15,23.477,153.3415683434851,15237738312,2026-04-16 07:54:02.537139,16/04/26,7
23592,0.15,23.592,152.5940996948118,15237761904,2026-04-16 07:54:26.129139,16/04/26,7
23019,0.16,23.019,156.39254528867457,15237784923,2026-04-16 07:54:49.148139,16/04/26,7
23105,0.16,23.105,155.81043064271802,15237808028,2026-04-16 07:55:12.253139,16/04/26,7
23287,0.15,23.287,154.5926912010993,15237831315,2026-04-16 07:55:35.540139,16/04/26,7
23250,0.15,23.25,154.83870967741936,15237854565,2026-04-16 07:55:58.790139,16/04/26,7
23339,0.15,23.339,154.24825399545824,15237877904,2026-04-16 07:56:22.129139,16/04/26,7
33299,0.11,33.299,108.1113546953362,15237911203,2026-04-16 07:56:55.428139,16/04/26,7
40665,0.09,40.665,88.52821836960531,15237951868,2026-04-16 07:57:36.093139,16/04/26,7
40525,0.09,40.525,88.83405305367057,15237992393,2026-04-16 07:58:16.618139,16/04/26,7
40657,0.09,40.657,88.54563789753303,15238033050,2026-04-16 07:58:57.275139,16/04/26,7
40724,0.09,40.724,88.39996071112857,15238073774,2026-04-16 07:59:37.999139,16/04/26,7
40317,0.09,40.317,89.29235806235583,15238114091,2026-04-16 08:00:18.316139,16/04/26,8
39321,0.09,39.321,91.55413138017853,15238153412,2026-04-16 08:00:57.637139,16/04/26,8
28752,0.12,28.752,125.20868113522538,15238182164,2026-04-16 08:01:26.389139,16/04/26,8
26654,0.14,26.654,135.0641554738501,15238208818,2026-04-16 08:01:53.043139,16/04/26,8
28284,0.13,28.284,127.28044123886296,15238237102,2026-04-16 08:02:21.327139,16/04/26,8
27726,0.13,27.726,129.84202553559837,15238264828,2026-04-16 08:02:49.053139,16/04/26,8
28267,0.13,28.267,127.35698871475572,15238293095,2026-04-16 08:03:17.320139,16/04/26,8
29199,0.12,29.199,123.29189355799856,15238322294,2026-04-16 08:03:46.519139,16/04/26,8
27172,0.13,27.172,132.48932724863832,15238349466,2026-04-16 08:04:13.691139,16/04/26,8
26871,0.13,26.871,133.973428603327,15238376337,2026-04-16 08:04:40.562139,16/04/26,8
26848,0.13,26.848,134.08820023837902,15238403185,2026-04-16 08:05:07.410139,16/04/26,8
27847,0.13,27.847,129.27783962365785,15238431032,2026-04-16 08:05:35.257139,16/04/26,8
28895,0.12,28.895,124.58902924381381,15238459927,2026-04-16 08:06:04.152139,16/04/26,8
29728,0.12,29.728,121.09795479009688,15238489655,2026-04-16 08:06:33.880139,16/04/26,8
29678,0.12,29.678,121.30197452658535,15238519333,2026-04-16 08:07:03.558139,16/04/26,8
29683,0.12,29.683,121.2815416231513,15238549016,2026-04-16 08:07:33.241139,16/04/26,8
29894,0.12,29.894,120.42550344550746,15238578910,2026-04-16 08:08:03.135139,16/04/26,8
29813,0.12,29.813,120.75269177875424,15238608723,2026-04-16 08:08:32.948139,16/04/26,8
29617,0.12,29.617,121.55181145963466,15238638340,2026-04-16 08:09:02.565139,16/04/26,8
29707,0.12,29.707,121.18355943043727,15238668047,2026-04-16 08:09:32.272139,16/04/26,8
19468,0.18,19.468,184.91884117526197,15238687515,2026-04-16 08:09:51.740139,16/04/26,8
1592,2.26,1.592,2261.3065326633164,15238689107,2026-04-16 08:09:53.332139,16/04/26,8
1547,2.33,1.547,2327.0846800258564,15238690654,2026-04-16 08:09:54.879139,16/04/26,8
1554,2.32,1.554,2316.6023166023165,15238692208,2026-04-16 08:09:56.433139,16/04/26,8
1556,2.31,1.556,2313.624678663239,15238693764,2026-04-16 08:09:57.989139,16/04/26,8
1561,2.31,1.561,2306.2139654067905,15238695325,2026-04-16 08:09:59.550139,16/04/26,8
1563,2.3,1.563,2303.2629558541266,15238696888,2026-04-16 08:10:01.113139,16/04/26,8
1562,2.3,1.562,2304.7375160051215,15238698450,2026-04-16 08:10:02.675139,16/04/26,8
1564,2.3,1.564,2301.7902813299233,15238700014,2026-04-16 08:10:04.239139,16/04/26,8
1569,2.29,1.569,2294.455066921606,15238701583,2026-04-16 08:10:05.808139,16/04/26,8
1567,2.3,1.567,2297.383535417996,15238703150,2026-04-16 08:10:07.375139,16/04/26,8
1570,2.29,1.57,2292.9936305732485,15238704720,2026-04-16 08:10:08.945139,16/04/26,8
1568,2.3,1.568,2295.918367346939,15238706288,2026-04-16 08:10:10.513139,16/04/26,8
1570,2.29,1.57,2292.9936305732485,15238707858,2026-04-16 08:10:12.083139,16/04/26,8
1567,2.3,1.567,2297.383535417996,15238709425,2026-04-16 08:10:13.650139,16/04/26,8
1570,2.29,1.57,2292.9936305732485,15238710995,2026-04-16 08:10:15.220139,16/04/26,8
1572,2.29,1.572,2290.0763358778627,15238712567,2026-04-16 08:10:16.792139,16/04/26,8
1570,2.29,1.57,2292.9936305732485,15238714137,2026-04-16 08:10:18.362139,16/04/26,8
1579,2.28,1.579,2279.9240025332488,15238715716,2026-04-16 08:10:19.941139,16/04/26,8
1579,2.28,1.579,2279.9240025332488,15238717295,2026-04-16 08:10:21.520139,16/04/26,8
1573,2.29,1.573,2288.6204704386523,15238718868,2026-04-16 08:10:23.093139,16/04/26,8
1577,2.28,1.577,2282.81547241598,15238720445,2026-04-16 08:10:24.670139,16/04/26,8
1577,2.28,1.577,2282.81547241598,15238722022,2026-04-16 08:10:26.247139,16/04/26,8
1576,2.28,1.576,2284.263959390863,15238723598,2026-04-16 08:10:27.823139,16/04/26,8
1575,2.29,1.575,2285.714285714286,15238725173,2026-04-16 08:10:29.398139,16/04/26,8
1574,2.29,1.574,2287.166454891995,15238726747,2026-04-16 08:10:30.972139,16/04/26,8
1573,2.29,1.573,2288.6204704386523,15238728320,2026-04-16 08:10:32.545139,16/04/26,8
1574,2.29,1.574,2287.166454891995,15238729894,2026-04-16 08:10:34.119139,16/04/26,8
1578,2.28,1.578,2281.3688212927755,15238731472,2026-04-16 08:10:35.697139,16/04/26,8
1570,2.29,1.57,2292.9936305732485,15238733042,2026-04-16 08:10:37.267139,16/04/26,8
1574,2.29,1.574,2287.166454891995,15238734616,2026-04-16 08:10:38.841139,16/04/26,8
1576,2.28,1.576,2284.263959390863,15238736192,2026-04-16 08:10:40.417139,16/04/26,8
1573,2.29,1.573,2288.6204704386523,15238737765,2026-04-16 08:10:41.990139,16/04/26,8
1569,2.29,1.569,2294.455066921606,15238739334,2026-04-16 08:10:43.559139,16/04/26,8
1574,2.29,1.574,2287.166454891995,15238740908,2026-04-16 08:10:45.133139,16/04/26,8
1575,2.29,1.575,2285.714285714286,15238742483,2026-04-16 08:10:46.708139,16/04/26,8
1574,2.29,1.574,2287.166454891995,15238744057,2026-04-16 08:10:48.282139,16/04/26,8
1572,2.29,1.572,2290.0763358778627,15238745629,2026-04-16 08:10:49.854139,16/04/26,8
1576,2.28,1.576,2284.263959390863,15238747205,2026-04-16 08:10:51.430139,16/04/26,8
1571,2.29,1.571,2291.5340547422024,15238748776,2026-04-16 08:10:53.001139,16/04/26,8
1580,2.28,1.58,2278.481012658228,15238750356,2026-04-16 08:10:54.581139,16/04/26,8
1578,2.28,1.578,2281.3688212927755,15238751934,2026-04-16 08:10:56.159139,16/04/26,8
1580,2.28,1.58,2278.481012658228,15238753514,2026-04-16 08:10:57.739139,16/04/26,8
1578,2.28,1.578,2281.3688212927755,15238755092,2026-04-16 08:10:59.317139,16/04/26,8
1579,2.28,1.579,2279.9240025332488,15238756671,2026-04-16 08:11:00.896139,16/04/26,8
1580,2.28,1.58,2278.481012658228,15238758251,2026-04-16 08:11:02.476139,16/04/26,8
1579,2.28,1.579,2279.9240025332488,15238759830,2026-04-16 08:11:04.055139,16/04/26,8
1577,2.28,1.577,2282.81547241598,15238761407,2026-04-16 08:11:05.632139,16/04/26,8
1571,2.29,1.571,2291.5340547422024,15238762978,2026-04-16 08:11:07.203139,16/04/26,8
1568,2.3,1.568,2295.918367346939,15238764546,2026-04-16 08:11:08.771139,16/04/26,8
1571,2.29,1.571,2291.5340547422024,15238766117,2026-04-16 08:11:10.342139,16/04/26,8
1573,2.29,1.573,2288.6204704386523,15238767690,2026-04-16 08:11:11.915139,16/04/26,8
1570,2.29,1.57,2292.9936305732485,15238769260,2026-04-16 08:11:13.485139,16/04/26,8
1573,2.29,1.573,2288.6204704386523,15238770833,2026-04-16 08:11:15.058139,16/04/26,8
1569,2.29,1.569,2294.455066921606,15238772402,2026-04-16 08:11:16.627139,16/04/26,8
1568,2.3,1.568,2295.918367346939,15238773970,2026-04-16 08:11:18.195139,16/04/26,8
1568,2.3,1.568,2295.918367346939,15238775538,2026-04-16 08:11:19.763139,16/04/26,8
1574,2.29,1.574,2287.166454891995,15238777112,2026-04-16 08:11:21.337139,16/04/26,8
1568,2.3,1.568,2295.918367346939,15238778680,2026-04-16 08:11:22.905139,16/04/26,8
1577,2.28,1.577,2282.81547241598,15238780257,2026-04-16 08:11:24.482139,16/04/26,8
1649,2.18,1.649,2183.141297756216,15238781906,2026-04-16 08:11:26.131139,16/04/26,8
25452,0.14,25.452,141.44271570014143,15238807358,2026-04-16 08:11:51.583139,16/04/26,8
29958,0.12,29.958,120.16823552974164,15238837316,2026-04-16 08:12:21.541139,16/04/26,8
29894,0.12,29.894,120.42550344550746,15238867210,2026-04-16 08:12:51.435139,16/04/26,8
29784,0.12,29.784,120.87026591458502,15238896994,2026-04-16 08:13:21.219139,16/04/26,8
30076,0.12,30.076,119.69676818725894,15238927070,2026-04-16 08:13:51.295139,16/04/26,8
30329,0.12,30.329,118.6982755778298,15238957399,2026-04-16 08:14:21.624139,16/04/26,8
30516,0.12,30.516,117.97090051120723,15238987915,2026-04-16 08:14:52.140139,16/04/26,8
30315,0.12,30.315,118.75309252845126,15239018230,2026-04-16 08:15:22.455139,16/04/26,8
30592,0.12,30.592,117.67782426778243,15239048822,2026-04-16 08:15:53.047139,16/04/26,8
30296,0.12,30.296,118.82756799577501,15239079118,2026-04-16 08:16:23.343139,16/04/26,8
30437,0.12,30.437,118.27709695436475,15239109555,2026-04-16 08:16:53.780139,16/04/26,8
29242,0.12,29.242,123.11059435059161,15239138797,2026-04-16 08:17:23.022139,16/04/26,8
28919,0.12,28.919,124.48563228327397,15239167716,2026-04-16 08:17:51.941139,16/04/26,8
29550,0.12,29.55,121.8274111675127,15239197266,2026-04-16 08:18:21.491139,16/04/26,8
29476,0.12,29.476,122.13326095806758,15239226742,2026-04-16 08:18:50.967139,16/04/26,8
29172,0.12,29.172,123.40600575894693,15239255914,2026-04-16 08:19:20.139139,16/04/26,8
30176,0.12,30.176,119.30010604453871,15239286090,2026-04-16 08:19:50.315139,16/04/26,8
30071,0.12,30.071,119.71667054637358,15239316161,2026-04-16 08:20:20.386139,16/04/26,8
30449,0.12,30.449,118.23048375972938,15239346610,2026-04-16 08:20:50.835139,16/04/26,8
30264,0.12,30.264,118.9532117367169,15239376874,2026-04-16 08:21:21.099139,16/04/26,8
30276,0.12,30.276,118.90606420927467,15239407150,2026-04-16 08:21:51.375139,16/04/26,8
30271,0.12,30.271,118.92570446962439,15239437421,2026-04-16 08:22:21.646139,16/04/26,8
30434,0.12,30.434,118.28875599658276,15239467855,2026-04-16 08:22:52.080139,16/04/26,8
30383,0.12,30.383,118.48731198367508,15239498238,2026-04-16 08:23:22.463139,16/04/26,8
30461,0.12,30.461,118.18390729129051,15239528699,2026-04-16 08:23:52.924139,16/04/26,8
28126,0.13,28.126,127.99544905070042,15239556825,2026-04-16 08:24:21.050139,16/04/26,8
27183,0.13,27.183,132.43571349740645,15239584008,2026-04-16 08:24:48.233139,16/04/26,8
27825,0.13,27.825,129.3800539083558,15239611833,2026-04-16 08:25:16.058139,16/04/26,8
28629,0.12,28.629,125.74662055957246,15239640462,2026-04-16 08:25:44.687139,16/04/26,8
29399,0.12,29.399,122.45314466478452,15239669861,2026-04-16 08:26:14.086139,16/04/26,8
29581,0.12,29.581,121.69973969777898,15239699442,2026-04-16 08:26:43.667139,16/04/26,8
28682,0.12,28.682,125.51425981451781,15239728124,2026-04-16 08:27:12.349139,16/04/26,8
29873,0.12,29.873,120.51015967596157,15239757997,2026-04-16 08:27:42.222139,16/04/26,8
29507,0.12,29.507,122.0049479784458,15239787504,2026-04-16 08:28:11.729139,16/04/26,8
29958,0.12,29.958,120.16823552974164,15239817462,2026-04-16 08:28:41.687139,16/04/26,8
29798,0.12,29.798,120.81347741459159,15239847260,2026-04-16 08:29:11.485139,16/04/26,8
29958,0.12,29.958,120.16823552974164,15239877218,2026-04-16 08:29:41.443139,16/04/26,8
29899,0.12,29.899,120.40536472791732,15239907117,2026-04-16 08:30:11.342139,16/04/26,8
30049,0.12,30.049,119.80431961130154,15239937166,2026-04-16 08:30:41.391139,16/04/26,8
29672,0.12,29.672,121.32650310056619,15239966838,2026-04-16 08:31:11.063139,16/04/26,8
30040,0.12,30.04,119.84021304926765,15239996878,2026-04-16 08:31:41.103139,16/04/26,8
29774,0.12,29.774,120.91086182575401,15240026652,2026-04-16 08:32:10.877139,16/04/26,8
29982,0.12,29.982,120.07204322593556,15240056634,2026-04-16 08:32:40.859139,16/04/26,8
29785,0.12,29.785,120.86620782272956,15240086419,2026-04-16 08:33:10.644139,16/04/26,8
29770,0.12,29.77,120.92710782667115,15240116189,2026-04-16 08:33:40.414139,16/04/26,8
29727,0.12,29.727,121.10202845897669,15240145916,2026-04-16 08:34:10.141139,16/04/26,8
29651,0.12,29.651,121.41243128393646,15240175567,2026-04-16 08:34:39.792139,16/04/26,8
29725,0.12,29.725,121.11017661900758,15240205292,2026-04-16 08:35:09.517139,16/04/26,8
29403,0.12,29.403,122.4364860728497,15240234695,2026-04-16 08:35:38.920139,16/04/26,8
29283,0.12,29.283,122.9382235426698,15240263978,2026-04-16 08:36:08.203139,16/04/26,8
29213,0.12,29.213,123.23280731181323,15240293191,2026-04-16 08:36:37.416139,16/04/26,8
29394,0.12,29.394,122.4739742804654,15240322585,2026-04-16 08:37:06.810139,16/04/26,8
29411,0.12,29.411,122.40318248274455,15240351996,2026-04-16 08:37:36.221139,16/04/26,8
28922,0.12,28.922,124.47271972892608,15240380918,2026-04-16 08:38:05.143139,16/04/26,8
29334,0.12,29.334,122.72448353446512,15240410252,2026-04-16 08:38:34.477139,16/04/26,8
29232,0.12,29.232,123.15270935960591,15240439484,2026-04-16 08:39:03.709139,16/04/26,8
29637,0.12,29.637,121.4697843911327,15240469121,2026-04-16 08:39:33.346139,16/04/26,8
29820,0.12,29.82,120.72434607645876,15240498941,2026-04-16 08:40:03.166139,16/04/26,8
29948,0.12,29.948,120.20836115934286,15240528889,2026-04-16 08:40:33.114139,16/04/26,8
30112,0.12,30.112,119.55366631243358,15240559001,2026-04-16 08:41:03.226139,16/04/26,8
29707,0.12,29.707,121.18355943043727,15240588708,2026-04-16 08:41:32.933139,16/04/26,8
28204,0.13,28.204,127.64146929513544,15240616912,2026-04-16 08:42:01.137139,16/04/26,8
29383,0.12,29.383,122.5198243882517,15240646295,2026-04-16 08:42:30.520139,16/04/26,8
16392,0.22,16.392,219.61932650073206,15240662687,2026-04-16 08:42:46.912139,16/04/26,8
18092,0.2,18.092,198.9829759009507,15240680779,2026-04-16 08:43:05.004139,16/04/26,8
18319,0.2,18.319,196.51727714394892,15240699098,2026-04-16 08:43:23.323139,16/04/26,8
18386,0.19,18.386,195.80115305123462,15240717484,2026-04-16 08:43:41.709139,16/04/26,8
18264,0.2,18.264,197.1090670170828,15240735748,2026-04-16 08:43:59.973139,16/04/26,8
18210,0.2,18.21,197.69357495881383,15240753958,2026-04-16 08:44:18.183139,16/04/26,8
18409,0.19,18.409,195.55652126677168,15240772367,2026-04-16 08:44:36.592139,16/04/26,8
18495,0.19,18.495,194.64720194647202,15240790862,2026-04-16 08:44:55.087139,16/04/26,8
18508,0.19,18.508,194.51048195374972,15240809370,2026-04-16 08:45:13.595139,16/04/26,8
18636,0.19,18.636,193.1745009658725,15240828006,2026-04-16 08:45:32.231139,16/04/26,8
18660,0.19,18.66,192.92604501607718,15240846666,2026-04-16 08:45:50.891139,16/04/26,8
18474,0.19,18.474,194.8684637869438,15240865140,2026-04-16 08:46:09.365139,16/04/26,8
18799,0.19,18.799,191.4995478482898,15240883939,2026-04-16 08:46:28.164139,16/04/26,8
18770,0.19,18.77,191.79541822056473,15240902709,2026-04-16 08:46:46.934139,16/04/26,8
18644,0.19,18.644,193.0916112422227,15240921353,2026-04-16 08:47:05.578139,16/04/26,8
18641,0.19,18.641,193.12268655115068,15240939994,2026-04-16 08:47:24.219139,16/04/26,8
18668,0.19,18.668,192.8433683308335,15240958662,2026-04-16 08:47:42.887139,16/04/26,8
18844,0.19,18.844,191.042241562301,15240977506,2026-04-16 08:48:01.731139,16/04/26,8
18850,0.19,18.85,190.9814323607427,15240996356,2026-04-16 08:48:20.581139,16/04/26,8
18983,0.19,18.983,189.64336511615656,15241015339,2026-04-16 08:48:39.564139,16/04/26,8
19182,0.19,19.182,187.67594619956208,15241034521,2026-04-16 08:48:58.746139,16/04/26,8
19116,0.19,19.116,188.32391713747646,15241053637,2026-04-16 08:49:17.862139,16/04/26,8
18892,0.19,18.892,190.55684946008893,15241072529,2026-04-16 08:49:36.754139,16/04/26,8
19127,0.19,19.127,188.2156114393266,15241091656,2026-04-16 08:49:55.881139,16/04/26,8
23893,0.15,23.893,150.67174486251204,15241115549,2026-04-16 08:50:19.774139,16/04/26,8
